feature,importance
amount_log,0.19229627181035766
amt,0.16634370109275667
hour_cos,0.13004040362075495
transaction_hour,0.07453960469908377
hour_sin,0.050921141553866914
time_of_day_Afternoon,0.03748622892757285
time_of_day_Morning,0.031936440659830125
time_of_day_Evening,0.025665592806303254
time_of_day_Night,0.021596882911792434
unix_time,0.01769828905411971
category_shopping_net,0.01744248091408712
category_grocery_pos,0.014263889370684962
category_misc_net,0.00972007824322731
transaction_month,0.0095183118553628
city_pop,0.007396502930532557
transaction_day,0.005745366533750892
customer_age,0.005398585252645707
category_kids_pets,0.005329230786912958
transaction_day_of_week,0.005167904917415939
lat,0.005140517922649175
long,0.004966537783223435
category_home,0.0048818618521253385
category_health_fitness,0.0040630465472792955
category_entertainment,0.0039114184112335635
category_food_dining,0.0036526387836638813
merch_lat,0.003537537259479066
category_gas_transport,0.0034424547793392127
merch_long,0.002940323857145353
category_personal_care,0.0025230308672227215
age_bucket_60+,0.0020464247910009156
state_WV,0.001899927678099999
gender_F,0.0018752704949866836
merchant_distance,0.0015680494212871646
category_misc_pos,0.0013420498248031042
state_WY,0.0012471809487377714
gender_M,0.001204623253005367
job_Licensed conveyancer,0.0011592653745972276
category_grocery_net,0.0011506140174987992
category_shopping_pos,0.0011384154866166426
city_Burrton,0.001101478331937216
age_bucket_25-40,0.001044486535438496
state_VT,0.0010110286616303173
zip_32565,0.000979938767613104
city_Jay,0.0009770134593617814
state_OH,0.0008925834445176782
zip_67020,0.0008345729862905569
zip_8324,0.0008197780401119229
city_Sprague,0.0008052167878105672
job_Higher education careers adviser,0.0008027127673056214
zip_12037,0.0007945482999611169
city_Chatham,0.0007527630997407286
job_Water engineer,0.0007256989530389208
category_travel,0.0007197474704685595
city_Springville,0.0006824338579493395
job_Teaching laboratory technician,0.0006779696692434642
job_Exhibition designer,0.0006701563727217249
is_weekend,0.0006513463535311887
zip_49629,0.000631430816695668
state_UT,0.0006243754323858435
job_Colour technologist,0.0006098065495789168
job_Advertising account executive,0.0006064150140849806
job_Science writer,0.0006027382236659443
zip_68438,0.0006000739212850131
state_AR,0.0005968290368319329
job_Human resources officer,0.0005958070110951692
city_Camden,0.0005907153636412279
"job_Copywriter, advertising",0.000585959796119121
age_bucket_40-60,0.0005676645858900463
job_Materials engineer,0.0005613531757223684
zip_22719,0.0005494989933595369
city_Craig,0.0005357980716073425
city_Paradise Valley,0.0005139580450070611
state_PA,0.0005110649493654927
state_GA,0.0005095446507557238
state_CT,0.00050600073485737
zip_29320,0.0005028393903934623
"job_Surveyor, land/geomatics",0.0004996511956813533
state_CO,0.0004987976971518932
zip_91702,0.0004948479433476117
city_Prosperity,0.0004860820349896067
"merchant_fraud_Romaguera, Cruickshank and Greenholt",0.00047678673140060565
job_Commissioning editor,0.00047079826795920515
city_Mound City,0.00046473467170893735
job_Camera operator,0.00045995405396649094
job_Civil Service fast streamer,0.0004409650453591485
zip_21405,0.0004405452847022425
city_Mc Intosh,0.0004387290434866313
city_Whittemore,0.00043525771729292914
zip_75452,0.00043352853758306473
city_Etlan,0.0004278207738894338
city_Morrowville,0.0004189506014483211
city_Lexington,0.00041448354794223244
job_Counsellor,0.00041385872567932703
city_Carlotta,0.00040653974519014844
"job_Psychotherapist, child",0.0004045916169124851
job_Operational investment banker,0.0003979221671836669
zip_64017,0.0003976040226339489
state_SC,0.00039492617578973664
zip_14141,0.000389817914065604
"job_Engineer, biomedical",0.00038867206228011635
city_Azusa,0.00038693899909878756
zip_72583,0.00038611267164444674
state_TX,0.00038260900201638815
zip_22204,0.0003819129539842499
job_Amenity horticulturist,0.00037945047415358183
zip_35211,0.0003783167265522499
job_Podiatrist,0.00037288092947970714
city_Leonard,0.00037183683588975293
state_MT,0.00036662461126761765
zip_97383,0.0003603233895286469
city_Georgetown,0.00035754486267179647
job_Paramedic,0.00035523033128454396
job_Musician,0.00034998620758056466
job_Animal technologist,0.00034946521315730477
zip_50598,0.00034771949436439493
city_Wauchula,0.00034700373214634813
age_bucket_<25,0.0003454640359854785
job_Television camera operator,0.00034454750388471434
"merchant_fraud_Schultz, Simonis and Little",0.00033858468111468083
zip_33873,0.00033760570100203506
job_Psychiatric nurse,0.00033514023509194834
zip_95453,0.0003339249364021258
merchant_fraud_Bashirian Group,0.0003334208010966985
zip_83869,0.00033334523370402643
"job_Engineer, building services",0.0003281605639764968
"job_Research officer, trade union",0.0003279914418071463
state_NY,0.0003218558039168819
job_Comptroller,0.00032174951300022777
zip_38668,0.0003185395107897155
zip_6782,0.00031304690686419527
zip_97210,0.00031056913351037573
job_Chief Executive Officer,0.00030867692661379136
zip_98027,0.00030713027764392393
zip_13795,0.00030627292909352473
state_HI,0.0003048201626806467
zip_75934,0.00030281509212973907
zip_56546,0.00030175566163299304
city_Leetsdale,0.00029968476888070367
city_Dell City,0.0002989221962431674
state_FL,0.0002985475365150274
"job_Optician, dispensing",0.0002970852533170175
state_CA,0.0002959565890533745
zip_73027,0.00029542624934425325
zip_40202,0.00029024818094885665
city_Viola,0.00028885839977367615
city_West Finley,0.0002867895375674284
zip_79343,0.0002863918458986915
city_Stayton,0.00028501680535453254
state_NV,0.0002812565755913839
zip_57641,0.000279750373025293
state_MN,0.0002795476708060777
city_Sutherland,0.0002794537997496468
city_Lakeport,0.00027801593351594895
job_Horticultural consultant,0.00027644024420556693
city_Coyle,0.00027623482006463337
job_Chemical engineer,0.00027612300233200663
state_AK,0.00027470726912404413
zip_99921,0.00027417556172853146
"job_Therapist, occupational",0.0002724511873004144
job_Chief Strategy Officer,0.0002717028731315092
zip_93552,0.0002699467657640923
city_Halstad,0.00026847571874254097
zip_61454,0.00026402443007434204
zip_85086,0.00026297061145439586
zip_48154,0.0002625509134071112
state_SD,0.0002607995476707209
city_Adams,0.00025871583220136383
city_Owensville,0.00025729711452112167
zip_27522,0.00025432781587025834
job_Database administrator,0.00025421362757701606
state_KY,0.00025218653914424775
zip_75210,0.0002513831239363291
city_Preston,0.000251195170751041
job_Hydrogeologist,0.00024995655167259825
merchant_fraud_Lemke-Gutmann,0.00024831335524279417
city_Elk Rapids,0.00024828952905353363
zip_24433,0.0002454863020722555
city_Grand Junction,0.0002442387672584992
city_Livonia,0.00024417733087976477
city_Smiths Grove,0.00024406920746434632
state_KS,0.00024246813019493247
zip_45860,0.00024146230511849868
city_Annapolis,0.00024115250459001055
job_Gaffer,0.00024081568572289247
zip_40502,0.00024077864949016635
zip_29127,0.00024012462297994729
city_Plymouth,0.0002399001675528093
city_Maria Stein,0.00023978798464820424
state_NE,0.00023792409726957302
"job_Accountant, chartered certified",0.00023779951322307986
city_Oolitic,0.00023624342996379744
job_Immunologist,0.0002358158169948189
city_Stirling,0.00023079855294284632
city_Newberg,0.0002241127008302953
job_Firefighter,0.000224104395891532
city_Heislerville,0.00022347799581468945
city_Arcadia,0.00022325728430634036
job_Systems developer,0.00022280935769546206
city_Moorhead,0.0002226670256868763
zip_31003,0.0002223458410784077
job_Software engineer,0.00022207083944384602
city_Norwich,0.00022188442163570266
job_Herpetologist,0.00022029639837250844
zip_85253,0.00021947234679660634
city_Washington,0.0002193474211169147
"job_Sales professional, IT",0.00021750850478655494
job_Chiropodist,0.000217458880147953
city_Louisville,0.00021741919705893853
zip_59448,0.00021659337073182407
city_Titusville,0.00021631131808120648
"job_Therapist, sports",0.00021626877928798973
zip_52535,0.00021547652402470257
job_Health visitor,0.00021465019806246014
zip_13484,0.0002144702824738371
zip_65066,0.00021431765221296146
zip_66958,0.00021335418071640323
job_Product designer,0.0002118702793030188
city_Spirit Lake,0.00021176129928471483
state_ME,0.00021027124993701056
city_Senatobia,0.00020949167775500781
state_IL,0.00020760040246358834
city_Birmingham,0.000206428599332308
city_Issaquah,0.0002052006831192914
city_Pea Ridge,0.00020478187261311142
city_Orient,0.0002011275555100429
zip_32780,0.00020067106681490626
job_Architectural technologist,0.00019982401164600342
city_Grifton,0.00019948471815396895
zip_12419,0.0001991182130276624
zip_28530,0.00019669467654169742
zip_97034,0.0001924242499753292
zip_53924,0.00019219518688640393
zip_3220,0.00019213652908436145
city_Turner,0.000190120515754466
job_Occupational hygienist,0.00018957872427424613
job_Landscape architect,0.00018818795895314517
zip_39653,0.00018780554666036688
state_MS,0.00018778574077824714
job_Mining engineer,0.00018776768077350534
city_Lomax,0.0001876814767129644
job_Osteopath,0.00018766883803714656
job_Toxicologist,0.00018426790823478087
state_LA,0.00018397215970820485
city_Portland,0.00018306661227177493
"job_Civil engineer, contracting",0.00018290202232897917
"job_Librarian, public",0.0001822958748167469
state_VA,0.00018139292609676338
job_Educational psychologist,0.00018063383673474681
state_AL,0.00017915319751573718
city_Heart Butte,0.0001774941776711621
zip_95528,0.00017736518755472348
state_OR,0.0001770769538964872
zip_7980,0.00017574897518403957
job_Theme park manager,0.00017499850606076536
zip_17929,0.00017496164204522987
zip_79837,0.00017491826440855889
city_Saint Amant,0.00017306582946490157
"job_Engineer, automotive",0.00017267540683098048
city_Lorenzo,0.0001724518853912531
job_Set designer,0.00017123153886978545
job_Press sub,0.00017069780638237476
"merchant_fraud_Langworth, Boehm and Gulgowski",0.0001702470758120461
state_IN,0.00016993998185655827
job_Retail manager,0.0001697198906685976
job_Chartered public finance accountant,0.00016928849649926672
zip_87543,0.00016896545701971998
city_Ridgeland,0.0001661538331075029
job_Insurance broker,0.00016612172811220847
job_Architect,0.00016553364520084513
city_Llano,0.00016458973301679188
zip_64470,0.0001643165657160486
job_Naval architect,0.0001630559191810367
"merchant_fraud_Kihn, Abernathy and Douglas",0.00016265304243104052
state_MI,0.00016201226305290805
job_Archaeologist,0.00016124918325133875
"job_Librarian, academic",0.00015991773336943122
zip_15056,0.00015930821172448654
city_Palmdale,0.00015906192186220043
"merchant_fraud_Mosciski, Ziemann and Farrell",0.00015891958889468222
job_Clothing/textile technologist,0.00015768535797455366
job_Ecologist,0.0001569073457531624
zip_47451,0.00015689172268214783
job_Early years teacher,0.0001562995577805625
job_Physiotherapist,0.0001554216580758332
city_Bradley,0.0001552532728512131
job_Trade mark attorney,0.00015400282709157931
city_Remer,0.00015194003031749476
city_Waupaca,0.00015113596242145622
city_Kirkwood,0.00015055095177076016
merchant_fraud_Fisher Inc,0.00014947590534760937
job_Television production assistant,0.0001491269305455871
zip_70774,0.00014878770361743382
zip_20012,0.0001486954842604075
job_Call centre manager,0.0001485699834181397
zip_75980,0.00014837420293391097
city_Cazenovia,0.00014827278949691106
zip_38761,0.00014787116542235045
job_Mechanical engineer,0.00014784159081499874
city_Smackover,0.0001476191666889069
job_Research scientist (physical sciences),0.00014733568966966072
city_Deltona,0.00014705493119539063
zip_69165,0.00014609097194140695
city_Zavalla,0.00014549932321156797
city_Honokaa,0.00014536561048915465
zip_29819,0.0001453193272971055
job_Magazine features editor,0.00014508850079111304
zip_10970,0.00014405870933654425
job_Financial trader,0.00014394747154602614
"job_Scientist, clinical (histocompatibility and immunogenetics)",0.00014242645874601553
city_Seattle,0.00014164713221089691
city_Auburn,0.00014071466162563103
zip_15377,0.00013978519055211214
state_OK,0.00013895911418128004
"job_Investment banker, operational",0.00013852147474167358
city_Creedmoor,0.00013699797617249337
state_MO,0.00013650738813169178
zip_75490,0.0001362759771018897
zip_38039,0.00013582674423120826
state_NM,0.0001357235434725656
zip_72751,0.00013551237921219145
city_Thrall,0.0001347749499595621
job_Advertising account planner,0.00013400025927634866
job_Optometrist,0.00013290303278160664
zip_61830,0.000132381588483463
city_Dallas,0.00013157005209532877
state_IA,0.0001311833636410787
"job_Engineer, civil (contracting)",0.00012999495339215692
merchant_fraud_Kovacek Ltd,0.00012852496803072899
zip_55388,0.00012808751506347617
"job_Psychologist, forensic",0.00012726149495823235
zip_60963,0.00012714561301094946
city_Farmington,0.00012669745831427973
job_Art therapist,0.00012666834267301637
job_Tourist information centre manager,0.00012642794557179816
state_WA,0.00012635699516463534
state_DC,0.0001260681163497594
"job_Administrator, education",0.0001259300276301066
city_Varnell,0.00012544904914236154
zip_28654,0.00012382137333115322
state_NC,0.00012342610156493072
city_West Eaton,0.0001231977563119439
job_Geoscientist,0.00012279235219406245
zip_21090,0.0001225655882136755
city_Cottekill,0.00012074327155308341
"merchant_fraud_Bahringer, Osinski and Block",0.00012069798963724193
merchant_fraud_Hudson-Ratke,0.00011893432218797641
zip_76445,0.00011817880628273777
zip_54981,0.00011695420305303929
zip_92561,0.00011694180300045365
city_Keisterville,0.0001164867054998425
city_New York City,0.00011603654900138885
zip_30756,0.00011524483615184538
city_Arlington,0.00011498094173876312
zip_76578,0.00011425568977804199
job_Special educational needs teacher,0.00011321370084590203
city_Kingsford Heights,0.0001126188098376976
city_Belmont,0.00011215492792896268
merchant_fraud_Parisian and Sons,0.00011109163501883129
"job_Surveyor, rural practice",0.00011099593026534643
merchant_fraud_Daugherty-Thompson,0.00011061897266765356
zip_73044,0.0001097642194127496
city_Mountain Center,0.00010898895112667442
city_Loving,0.00010763369955398068
job_Visual merchandiser,0.00010695584436959098
job_Tour manager,0.00010656619940077405
merchant_fraud_Hills-Witting,0.0001058722596940631
zip_42171,0.00010572224973893991
city_Drakes Branch,0.00010562948544797495
zip_47110,0.00010545380814725267
city_Schaumburg,0.0001046319875472705
zip_44307,0.00010450146966592943
city_Vero Beach,0.0001039987579598671
city_Trenton,0.00010380523764007308
job_Prison officer,0.00010378121661968503
city_Santa Monica,0.00010372943614886172
job_Film/video editor,0.00010235596590916024
job_Energy engineer,0.00010217127721104082
job_Media buyer,0.00010163055008184643
state_WI,0.0001010462720291946
zip_59542,0.00010099753530961358
zip_47987,9.992378170815766e-05
job_Financial adviser,9.966825307344925e-05
city_Cressona,9.891474003313316e-05
state_AZ,9.847430068212863e-05
job_Energy manager,9.837866768282553e-05
"job_Scientist, audiological",9.83115860528989e-05
zip_51453,9.788950218657187e-05
city_Tomales,9.770561467383347e-05
city_Central,9.755986076976653e-05
zip_15484,9.704870845149764e-05
city_Indianapolis,9.681861231711526e-05
zip_59014,9.59678862377918e-05
city_Diamond,9.565537559821164e-05
zip_48214,9.558387595748731e-05
"merchant_fraud_Moen, Reinger and Murphy",9.556462213859689e-05
zip_32725,9.511109908533888e-05
zip_39157,9.438594262874898e-05
zip_15923,9.422944176767035e-05
city_Watertown,9.285936676452347e-05
city_Jackson,9.219071126834367e-05
zip_47470,9.199680862383242e-05
city_Pomona,9.108380654710532e-05
city_Hartford,9.055269898985325e-05
state_TN,8.983948562092243e-05
zip_71762,8.974861085709898e-05
city_Lahoma,8.92546816939331e-05
city_Cisco,8.909084696564382e-05
zip_50312,8.627635086144499e-05
job_Counselling psychologist,8.56022398291571e-05
zip_16114,8.434410475484982e-05
zip_87417,8.364707675649173e-05
job_Medical sales representative,8.364493109524583e-05
job_Make,8.331272315903383e-05
city_Bristol,8.319495266232574e-05
city_Lamberton,8.30445432952858e-05
zip_15449,8.275126429273976e-05
job_Production manager,8.252862824707328e-05
job_Structural engineer,8.249262658419236e-05
job_Sub,8.231480211846129e-05
job_Barrister,8.222132753008741e-05
city_Uledi,8.211545410226121e-05
zip_39211,8.202390817782289e-05
city_Doe Hill,8.150994806999257e-05
city_Akron,8.134364779102893e-05
city_Reynolds,8.088094987986968e-05
job_Insurance underwriter,8.019739937818529e-05
city_Desdemona,7.99651563283285e-05
city_Allentown,7.980927930980335e-05
city_Glendale,7.977700562129604e-05
"job_Scientist, marine",7.971542258800446e-05
zip_14425,7.940930099980491e-05
merchant_fraud_Stamm-Witting,7.917845944517538e-05
job_Drilling engineer,7.863833888158099e-05
city_Edmond,7.860822756990983e-05
zip_88256,7.837075786933316e-05
zip_97132,7.79217809327409e-05
job_Exercise physiologist,7.76909824281321e-05
merchant_fraud_Kuhic LLC,7.744238995135473e-05
city_Lake Oswego,7.708985509855935e-05
job_Secondary school teacher,7.688614740559795e-05
zip_19007,7.666162086151167e-05
zip_53910,7.5977678339468e-05
merchant_fraud_Klocko LLC,7.557228207650837e-05
zip_10162,7.509508332309748e-05
state_NJ,7.508083969011889e-05
job_Cytogeneticist,7.423831640146815e-05
zip_90403,7.357495282765801e-05
city_Princeton,7.234412953801486e-05
zip_4210,7.223035698162661e-05
"job_Editor, commissioning",7.142049708573038e-05
"job_Therapist, music",7.129585198258276e-05
city_San Antonio,7.08456748866255e-05
state_ND,7.044716744212832e-05
"job_Scientist, research (medical)",6.849284621194567e-05
job_Environmental consultant,6.795559089128055e-05
merchant_fraud_Kiehn-Emmerich,6.724450154144133e-05
job_Engineering geologist,6.719310807378e-05
state_MD,6.683724467044814e-05
zip_32960,6.575881939213595e-05
zip_56548,6.48666231719694e-05
city_Des Moines,6.480858185262788e-05
city_Bridger,6.474794935385027e-05
merchant_fraud_Bogisich-Homenick,6.472449562018198e-05
"job_Designer, television/film set",6.459249269519635e-05
zip_31305,6.442192695061437e-05
zip_16858,6.29648976736392e-05
zip_36344,6.27175296207638e-05
merchant_fraud_Kerluke PLC,6.26074447649622e-05
zip_60193,6.24024020930215e-05
job_IT trainer,6.190303216529825e-05
"job_Programme researcher, broadcasting/film/video",6.092243281848026e-05
job_Claims inspector/assessor,6.080664428781988e-05
zip_23357,6.035920911998689e-05
job_Psychiatrist,6.031683693625957e-05
zip_35776,6.027004366263691e-05
"merchant_fraud_Hartmann, Rowe and Hermann",6.0183154785386544e-05
"job_Teacher, special educational needs",5.989193047896324e-05
city_Grover,5.97631424549107e-05
city_Ford,5.957485564774656e-05
city_Eugene,5.916727975713092e-05
zip_96776,5.902478629508505e-05
zip_56367,5.901318701506697e-05
merchant_fraud_Kris-Weimann,5.8726825524274285e-05
job_Tree surgeon,5.8605170099207694e-05
"job_Research officer, political party",5.8070102381695594e-05
city_Woodville,5.802336354262719e-05
zip_62939,5.7469486083182204e-05
city_Moravian Falls,5.738372051584688e-05
city_Rice,5.724868178532012e-05
"job_Horticulturist, commercial",5.699257166630039e-05
city_East Canaan,5.6801716357286506e-05
"job_Psychologist, counselling",5.6479543488862766e-05
city_Churubusco,5.6378642566397295e-05
job_Planning and development surveyor,5.637581490202096e-05
city_Darien,5.6293697852824435e-05
job_Archivist,5.625482766979119e-05
merchant_fraud_Ziemann-Waters,5.549488988691824e-05
"merchant_fraud_Schmeler, Bashirian and Price",5.4405691953956513e-05
zip_94971,5.4284228889880415e-05
state_MA,5.4102428818015966e-05
merchant_fraud_Kiehn Inc,5.383013539838622e-05
merchant_fraud_Conroy-Cruickshank,5.357051855612977e-05
city_Phoenix,5.354881402271343e-05
"merchant_fraud_Reilly, Heaney and Cole",5.3510594042696e-05
"merchant_fraud_Herman, Treutel and Dickens",5.343954498911032e-05
"job_Surveyor, hydrographic",5.339692839712877e-05
job_Historic buildings inspector/conservation officer,5.307704205541251e-05
zip_28073,5.268567177757528e-05
city_Baton Rouge,5.264136938497071e-05
city_Eureka,5.245818908173158e-05
zip_70808,5.2251078381868126e-05
merchant_fraud_Heathcote LLC,5.223487189409023e-05
"job_Programmer, multimedia",5.220161106957243e-05
"merchant_fraud_Lakin, Ferry and Beatty",5.2155307443112036e-05
job_Senior tax professional/tax inspector,5.171320389003162e-05
"job_Surveyor, minerals",5.1708404754855615e-05
city_Highland,5.167486884900252e-05
zip_14537,5.159608336312946e-05
job_Television/film/video producer,5.102125667178171e-05
zip_31605,5.0913150965340555e-05
merchant_fraud_Nolan-Williamson,5.0901195788508364e-05
merchant_fraud_Schaefer Ltd,5.0656882036790094e-05
merchant_fraud_Fahey Inc,5.0542726533496666e-05
job_Pensions consultant,5.045349404164408e-05
city_Burke,5.0449597899653335e-05
merchant_fraud_Gutmann-Upton,5.042397154431421e-05
"job_Lecturer, higher education",5.0302192526848644e-05
merchant_fraud_Goyette Inc,5.020532504737937e-05
job_Advice worker,5.006123896304835e-05
merchant_fraud_Stracke-Lemke,5.001597099051988e-05
city_Hudson,4.982093444036816e-05
job_Wellsite geologist,4.9777822294512546e-05
city_Great Mills,4.970492020465852e-05
city_Bolivar,4.96919367961178e-05
zip_97014,4.9408654372460696e-05
merchant_fraud_Rodriguez Group,4.9275328116536496e-05
zip_82227,4.9242129139965886e-05
zip_39825,4.861698287956604e-05
merchant_fraud_Kuvalis Ltd,4.8490219079277314e-05
job_Occupational psychologist,4.846781708527136e-05
"job_Scientist, physiological",4.839299289804995e-05
"merchant_fraud_Koss, Hansen and Lueilwitz",4.835595308761526e-05
city_Lakeland,4.8091794157276816e-05
zip_23937,4.789883217837487e-05
"merchant_fraud_Harris, Gusikowski and Heaney",4.78507308709808e-05
merchant_fraud_Boyer PLC,4.770888591576869e-05
job_Agricultural consultant,4.7361334424484696e-05
city_Richland,4.711907722663715e-05
"merchant_fraud_Ruecker, Beer and Collier",4.698494443252807e-05
zip_34135,4.679721411268201e-05
job_Tax adviser,4.6704728695963534e-05
state_NH,4.665517914227567e-05
zip_44412,4.639358832932062e-05
city_Brinson,4.6030580157690394e-05
zip_96727,4.583690886851637e-05
zip_57426,4.5752323793861784e-05
merchant_fraud_Wilkinson Ltd,4.56888873568317e-05
city_Meadville,4.538645148041005e-05
city_Rossville,4.5343301784988807e-05
city_Detroit,4.521481353480116e-05
merchant_fraud_Brown PLC,4.514586736030682e-05
merchant_fraud_Miller-Hauck,4.5056174425850225e-05
"job_Designer, jewellery",4.4822681213240234e-05
zip_6365,4.4821565843998335e-05
state_ID,4.4239711145797206e-05
merchant_fraud_Stamm-Rodriguez,4.421666254259518e-05
merchant_fraud_Emmerich-Rau,4.3984954146295215e-05
merchant_fraud_Block-Parisian,4.3839018163988215e-05
zip_88355,4.375114310185367e-05
zip_22015,4.347915820215956e-05
city_Fort Washakie,4.329133763130866e-05
zip_11796,4.311855828092152e-05
merchant_fraud_Erdman-Schaden,4.297208255067776e-05
zip_4680,4.291012559692116e-05
zip_4047,4.288234323209429e-05
"merchant_fraud_Stroman, Hudson and Erdman",4.277402929333029e-05
zip_11768,4.2696299303165794e-05
"job_Exhibitions officer, museum/gallery",4.2671046231210116e-05
merchant_fraud_Kilback LLC,4.247507253036749e-05
job_Audiological scientist,4.2416018472055417e-05
zip_43767,4.235461367984242e-05
zip_13425,4.224741094838004e-05
zip_99783,4.220786847091863e-05
job_Race relations officer,4.203787569126244e-05
"merchant_fraud_Reichert, Rowe and Mraz",4.203653217766717e-05
"merchant_fraud_Huel, Hammes and Witting",4.1854408365197346e-05
merchant_fraud_Goodwin-Nitzsche,4.1830106573932274e-05
"job_Conservator, furniture",4.166481284982751e-05
city_Naples,4.153224871314312e-05
zip_68031,4.1223407229764146e-05
"merchant_fraud_Roberts, Ryan and Smith",4.078638243351347e-05
zip_36507,4.045288500346098e-05
zip_95567,4.045282404751088e-05
zip_73034,4.034784098188378e-05
"merchant_fraud_Monahan, Bogisich and Ledner",4.028525678587446e-05
zip_56152,4.0246380236970105e-05
merchant_fraud_Quitzon-Goyette,4.0088086201370755e-05
"merchant_fraud_Bahringer, Bergnaum and Quitzon",3.9990783819142426e-05
zip_42701,3.9954982602311824e-05
job_Music tutor,3.917813215202575e-05
merchant_fraud_Kozey-Boehm,3.915411036263353e-05
city_Seligman,3.9112857921640916e-05
job_Probation officer,3.9088141245780116e-05
zip_12466,3.9009745164499866e-05
zip_3452,3.896218809073164e-05
job_Further education lecturer,3.846631671885615e-05
city_Clarks Mills,3.8416277170782466e-05
zip_98118,3.8325578128812574e-05
merchant_fraud_Lemke and Sons,3.831720638459108e-05
city_Hinesburg,3.789446397597747e-05
merchant_fraud_Rempel PLC,3.753264106902428e-05
"merchant_fraud_Koss, McLaughlin and Mayer",3.721276848578244e-05
"merchant_fraud_Willms, Kris and Bergnaum",3.7141309522320584e-05
"job_Physicist, medical",3.700912301776113e-05
job_Facilities manager,3.690111594319079e-05
city_Bonita Springs,3.655023264893491e-05
merchant_fraud_Herman Inc,3.649863705000759e-05
city_Houston,3.647431651813627e-05
zip_97441,3.644100050042187e-05
zip_76050,3.644088921845576e-05
merchant_fraud_Collier LLC,3.6361129469153503e-05
zip_65745,3.628644041322115e-05
zip_27311,3.609649050213522e-05
zip_75092,3.5799789440464924e-05
merchant_fraud_Deckow-O'Conner,3.577171807970768e-05
"merchant_fraud_Heller, Gutmann and Zieme",3.555216602517975e-05
city_Monmouth Beach,3.546036709553297e-05
merchant_fraud_Hackett-Lueilwitz,3.539673740364841e-05
city_Sachse,3.530419299821195e-05
zip_1545,3.505182920458326e-05
city_Greenbush,3.475733556663277e-05
job_Research scientist (medical),3.448247279697867e-05
city_Cleveland,3.447090655578478e-05
merchant_fraud_Bednar Group,3.446166982427315e-05
city_West Harrison,3.423450732771571e-05
zip_46723,3.41752584650149e-05
merchant_fraud_Boyer-Reichert,3.404423955975257e-05
job_Clinical research associate,3.394313581050776e-05
city_Oriskany Falls,3.3799103452853786e-05
merchant_fraud_Williamson LLC,3.36669893348538e-05
zip_60958,3.329563738097697e-05
merchant_fraud_Shanahan-Lehner,3.3119416110540575e-05
job_Building surveyor,3.305439594668654e-05
zip_36541,3.283436265394129e-05
zip_63453,3.261607200985247e-05
"job_Designer, furniture",3.248278398867964e-05
city_Meridian,3.215000954382491e-05
city_Sherman,3.2036780437491226e-05
merchant_fraud_Huels-Nolan,3.193527108189137e-05
zip_61272,3.1852301754405384e-05
"job_Scientist, research (maths)",3.180545738376313e-05
"job_Therapist, horticultural",3.174291046210894e-05
job_Dealer,3.173698640219478e-05
zip_91206,3.131575374133196e-05
merchant_fraud_O'Keefe-Hudson,3.1285849460236916e-05
zip_97452,3.118901948246309e-05
merchant_fraud_Weimann-Lockman,3.100250617101019e-05
city_West Sayville,3.089503326629125e-05
job_Multimedia programmer,3.08167555734434e-05
merchant_fraud_Cole PLC,3.057228340313633e-05
job_Electrical engineer,3.052144147507781e-05
city_Brandon,3.0137884553115518e-05
"merchant_fraud_Gottlieb, Considine and Schultz",3.0135587858401743e-05
merchant_fraud_Kutch LLC,2.9946249048891327e-05
"merchant_fraud_Moore, Dibbert and Koepp",2.9933111969086587e-05
city_Bay Minette,2.991885429296394e-05
"job_Engineer, broadcasting (operations)",2.991139120425129e-05
zip_73564,2.9725610482397165e-05
city_Port Ewen,2.963594280214829e-05
zip_75048,2.9518624804806526e-05
merchant_fraud_Bins-Rice,2.9347629408463793e-05
"merchant_fraud_Reichert, Shanahan and Hayes",2.9242964956737733e-05
merchant_fraud_Kerluke Inc,2.920511001132386e-05
"merchant_fraud_Heathcote, Yost and Kertzmann",2.9172807919666123e-05
city_Ruidoso,2.9154017307174546e-05
job_Social researcher,2.912241799030054e-05
"merchant_fraud_Yost, Block and Koepp",2.896231536141092e-05
city_Cadiz,2.8944289382524548e-05
merchant_fraud_Wolf Inc,2.893086291268166e-05
zip_54229,2.8835168268708067e-05
merchant_fraud_Schmitt Inc,2.8789446766808575e-05
job_Radio producer,2.8693862459268887e-05
zip_99160,2.8692700023753346e-05
"job_Buyer, retail",2.8620082154396764e-05
city_Utica,2.8608867311172142e-05
zip_4287,2.851993296852217e-05
job_Travel agency manager,2.8513793121992676e-05
zip_46322,2.8481187401782095e-05
job_Ceramics designer,2.8414902670629358e-05
merchant_fraud_Gaylord-Powlowski,2.8359872838548407e-05
job_Child psychotherapist,2.825861220663519e-05
"job_Radiographer, diagnostic",2.8234953808783936e-05
merchant_fraud_Tromp Group,2.813315892499834e-05
job_Radio broadcast assistant,2.7982396541306783e-05
city_Gardiner,2.7925603927672507e-05
"merchant_fraud_Konopelski, Schneider and Hartmann",2.776699964843609e-05
job_Trading standards officer,2.7711961356716672e-05
job_Armed forces training and education officer,2.7580208527200434e-05
merchant_fraud_Hintz-Bruen,2.7572409689822492e-05
job_Land/geomatics surveyor,2.7451331336989104e-05
"merchant_fraud_Jenkins, Hauck and Friesen",2.7172613398529442e-05
merchant_fraud_Bruen-Yost,2.712359708058172e-05
merchant_fraud_Gottlieb-Hansen,2.7026599889109316e-05
merchant_fraud_Adams-Barrows,2.6830046010966788e-05
zip_33872,2.664688824306008e-05
city_Warren,2.6438499612106484e-05
city_Jaffrey,2.6333293037479055e-05
merchant_fraud_Kuhn LLC,2.6001703454920302e-05
job_Futures trader,2.5989318109264012e-05
zip_22046,2.587948976458107e-05
"merchant_fraud_Stanton, Jakubowski and Baumbach",2.5736352016374094e-05
merchant_fraud_Jaskolski-Dibbert,2.5648610967407992e-05
job_English as a second language teacher,2.5462643142309043e-05
merchant_fraud_Mosciski Group,2.5434705902098396e-05
job_Dance movement psychotherapist,2.5420269955805625e-05
"job_Lecturer, further education",2.532406927943492e-05
city_Afton,2.5285955034030604e-05
merchant_fraud_Dach-Nader,2.5199207633428372e-05
city_Edisto Island,2.4828773866765472e-05
city_Fulton,2.482157059091457e-05
merchant_fraud_Schmitt Ltd,2.479372351161936e-05
merchant_fraud_Osinski Inc,2.4753140537017216e-05
"merchant_fraud_Little, Gutmann and Lynch",2.4719486899168118e-05
city_Elizabethtown,2.466951293410409e-05
city_Dunlevy,2.4657073723596006e-05
job_Leisure centre manager,2.4611048301452165e-05
city_Maysville,2.4491620531431984e-05
merchant_fraud_Turner and Sons,2.44830709038993e-05
merchant_fraud_Schmidt and Sons,2.4466683184835536e-05
city_Linthicum Heights,2.441425301368823e-05
merchant_fraud_Will Ltd,2.4339427548231094e-05
job_Systems analyst,2.431972651248754e-05
job_Jewellery designer,2.4111844692636045e-05
"merchant_fraud_Rodriguez, Yost and Jenkins",2.4011183768033733e-05
job_Community arts worker,2.3973141210463426e-05
city_Veedersburg,2.3953046017109007e-05
job_TEFL teacher,2.3787443820845578e-05
merchant_fraud_Bogisich-Weimann,2.3726692970242152e-05
zip_35022,2.366563029632145e-05
merchant_fraud_Stark-Batz,2.3606655543672203e-05
merchant_fraud_Cummerata-Jones,2.342243790688455e-05
"merchant_fraud_Windler, Goodwin and Kovacek",2.3409058303747944e-05
city_Lane,2.335901324152794e-05
"job_Development worker, community",2.3145175518630283e-05
city_Reno,2.3132220022074603e-05
zip_13647,2.309371317581381e-05
city_New Boston,2.3006031949050074e-05
city_Manville,2.2888528843859965e-05
"merchant_fraud_Ferry, Reichel and DuBuque",2.2817897847450784e-05
city_Burbank,2.279577881597344e-05
job_Fisheries officer,2.2730803883252958e-05
zip_73754,2.2724681703770905e-05
job_Applications developer,2.2702281737488273e-05
merchant_fraud_Kunde-Sanford,2.266887981168718e-05
merchant_fraud_Connelly PLC,2.2463017032147473e-05
zip_34112,2.232764489549927e-05
merchant_fraud_Gislason Group,2.2298522481107016e-05
merchant_fraud_Rau-Robel,2.2030375361942498e-05
"merchant_fraud_Greenfelder, Bartoletti and Davis",2.1986288035212732e-05
zip_23850,2.1941959164143827e-05
city_Ranier,2.19257890601599e-05
merchant_fraud_Brown Inc,2.1847530280155076e-05
job_Chartered loss adjuster,2.173967225251872e-05
merchant_fraud_Barrows PLC,2.1730970148673148e-05
job_Health promotion specialist,2.1706522448718634e-05
merchant_fraud_Schuppe-Schuppe,2.1696698111150682e-05
city_Williams,2.164789790596319e-05
zip_72165,2.159124573063935e-05
zip_1257,2.13241690194663e-05
merchant_fraud_Bernhard-Lesch,2.1267681066549977e-05
merchant_fraud_Little-Gleichner,2.1248989702139098e-05
merchant_fraud_Huels-Hahn,2.1248605048883595e-05
city_Northport,2.1186759258131274e-05
merchant_fraud_Ernser-Lynch,2.0949891396439303e-05
"merchant_fraud_Reichert, Huels and Hoppe",2.076232596303938e-05
merchant_fraud_Ledner-Pfannerstill,2.069229541612301e-05
job_Dispensing optician,2.0689626739905408e-05
merchant_fraud_Padberg-Welch,2.0637504584117892e-05
zip_66018,2.0637286524906658e-05
zip_38060,2.0616703338536938e-05
"merchant_fraud_Raynor, Feest and Miller",2.0566080107702724e-05
city_Conway,2.0548434602385015e-05
merchant_fraud_Murray-Smitham,2.0444973438676918e-05
zip_39665,2.042781997364985e-05
city_Hooper,2.0377155219898978e-05
"merchant_fraud_Christiansen, Goyette and Schamberger",2.0285122632992004e-05
"job_Engineer, production",2.0268354355761527e-05
city_Pelham,2.0259973228260148e-05
zip_56668,2.0250891550431708e-05
merchant_fraud_Friesen Inc,2.0170505158579028e-05
merchant_fraud_Marvin-Lind,2.0069150176902886e-05
"job_Engineer, water",1.99249717622794e-05
merchant_fraud_Koepp-Parker,1.9907327777579937e-05
"merchant_fraud_Robel, Cummerata and Prosacco",1.9825826915018726e-05
city_Thomas,1.9817738400487588e-05
merchant_fraud_Gleason and Sons,1.974392425161658e-05
city_Manistique,1.9629335451848097e-05
merchant_fraud_Waelchi-Wolf,1.9602188232939828e-05
job_Site engineer,1.954106314320786e-05
"merchant_fraud_Turcotte, Batz and Buckridge",1.953993077264404e-05
"merchant_fraud_Crist, Jakubowski and Littel",1.95314155172655e-05
merchant_fraud_Beer-Jast,1.9485098585524337e-05
"merchant_fraud_Altenwerth, Cartwright and Koss",1.9468488079503826e-05
merchant_fraud_Hilpert-Conroy,1.9283961268873743e-05
city_Holloway,1.9241414443780978e-05
merchant_fraud_Bartoletti-Wunsch,1.904613661584704e-05
zip_98238,1.9027078938926782e-05
job_Private music teacher,1.8832842472245847e-05
city_Sixes,1.869612993418147e-05
merchant_fraud_Ankunding LLC,1.8665456993662335e-05
job_Fine artist,1.8595844789551614e-05
job_Contractor,1.8570577693254405e-05
city_Denham Springs,1.8494136659975026e-05
merchant_fraud_Dickinson Ltd,1.8435313945398367e-05
city_Goreville,1.8302363795203294e-05
"job_Engineer, control and instrumentation",1.8263491449899183e-05
merchant_fraud_Mraz-Herzog,1.8224947652470134e-05
merchant_fraud_White and Sons,1.817763668090615e-05
job_Quantity surveyor,1.8159821272922926e-05
zip_5084,1.8075584793060177e-05
merchant_fraud_Berge-Hills,1.8072285613532234e-05
"merchant_fraud_Streich, Dietrich and Barton",1.8022951854594156e-05
city_Bessemer,1.800308865539053e-05
zip_97403,1.8003072754248332e-05
"merchant_fraud_Kutch, Hermiston and Farrell",1.7968731705462857e-05
job_Broadcast presenter,1.7901155855127903e-05
city_Cascade Locks,1.7802347732972384e-05
job_Herbalist,1.779105575189488e-05
city_De Witt,1.767288749160504e-05
merchant_fraud_Koss and Sons,1.7664031713273164e-05
job_Manufacturing engineer,1.766353583612172e-05
job_Technical brewer,1.7543995044422965e-05
zip_58275,1.7438493096382422e-05
"job_Engineer, maintenance",1.7365510405316947e-05
job_Music therapist,1.7346641924181135e-05
zip_54726,1.7250078865172675e-05
city_Plainfield,1.7106351177116018e-05
merchant_fraud_Huel-Langworth,1.7076798855742977e-05
zip_62571,1.7034039043467417e-05
"job_Administrator, local government",1.6925601998639165e-05
zip_28405,1.690297882067161e-05
zip_49895,1.685005484713793e-05
city_Sebring,1.6662595334145643e-05
"merchant_fraud_Kerluke, Kertzmann and Wiza",1.6620975480893683e-05
zip_12575,1.6509903907757614e-05
city_Whigham,1.6193562367958207e-05
zip_61530,1.6154435084947137e-05
"merchant_fraud_Schneider, Hayes and Nikolaus",1.6109996758556198e-05
job_Learning disability nurse,1.5967543000056396e-05
"job_Designer, industrial/product",1.5941730654270355e-05
merchant_fraud_Crooks and Sons,1.5873082841721742e-05
city_Moores Hill,1.5778056247637797e-05
"merchant_fraud_Ledner, Hartmann and Feest",1.560540143550306e-05
"job_Pilot, airline",1.5549730353449115e-05
job_Nature conservation officer,1.5487742384831506e-05
"merchant_fraud_Jones, Sawayn and Romaguera",1.5454588901267898e-05
city_Brownville,1.5344417627318484e-05
merchant_fraud_Wilkinson PLC,1.5311951265259776e-05
merchant_fraud_Donnelly PLC,1.529218229426483e-05
"merchant_fraud_Bernier, Volkman and Hoeger",1.5290192777859185e-05
zip_20634,1.517215925397933e-05
job_Curator,1.5141356519769945e-05
merchant_fraud_Hamill-Daugherty,1.5118282383516615e-05
city_Steuben,1.5083482049983632e-05
city_Smith River,1.5073999823186297e-05
zip_52217,1.5015264138852275e-05
city_Elizabeth,1.4988090768045442e-05
merchant_fraud_Rau and Sons,1.498538289914682e-05
zip_99033,1.482716186893647e-05
"merchant_fraud_Schoen, Nienow and Bauch",1.4811311919627838e-05
job_Operations geologist,1.4806902149603748e-05
zip_35901,1.4790931232502483e-05
zip_72042,1.479051684244356e-05
merchant_fraud_Kutch and Sons,1.4783259052232115e-05
zip_15077,1.4696121904289734e-05
city_Wilmington,1.4667149235110513e-05
merchant_fraud_Predovic Inc,1.451310516397261e-05
"job_Designer, ceramics/pottery",1.4503572090284037e-05
"merchant_fraud_Hayes, Marquardt and Dibbert",1.4472123208906666e-05
merchant_fraud_Zboncak LLC,1.4461970754055563e-05
city_Shields,1.4428749443918436e-05
merchant_fraud_Heller-Langosh,1.4387714834714716e-05
merchant_fraud_Romaguera and Sons,1.4376982860093439e-05
"merchant_fraud_Effertz, Welch and Schowalter",1.4349710916524126e-05
merchant_fraud_Kuphal-Bartoletti,1.4287025920014914e-05
zip_80120,1.4225002194407344e-05
merchant_fraud_Kozey-McDermott,1.4188766878648326e-05
city_Gadsden,1.4122528600508195e-05
merchant_fraud_Daugherty LLC,1.4117232228459318e-05
job_Armed forces logistics/support/administrative officer,1.4088783104269507e-05
"merchant_fraud_Kuhic, Bins and Pfeffer",1.4062483372144211e-05
zip_78584,1.3931651948878039e-05
city_Philadelphia,1.3769516666697603e-05
zip_72011,1.3724693773508882e-05
zip_10039,1.3683310877180755e-05
"merchant_fraud_Hettinger, McCullough and Fay",1.36599762058362e-05
merchant_fraud_Gleason-Macejkovic,1.3607592678165672e-05
zip_99323,1.3501953885068996e-05
job_Sport and exercise psychologist,1.3490581134479053e-05
city_Bowdoin,1.3467074184131936e-05
"merchant_fraud_Swift, Bradtke and Marquardt",1.338793689234998e-05
merchant_fraud_Beier-Hyatt,1.3297295441927712e-05
zip_8350,1.3272046146721931e-05
"merchant_fraud_Adams, Kovacek and Kuhlman",1.325294889310812e-05
zip_7750,1.3191377081066926e-05
merchant_fraud_Spinka-Welch,1.3183252383820498e-05
city_Freedom,1.315254200151962e-05
"merchant_fraud_Hagenes, Kohler and Hoppe",1.3149955852665704e-05
merchant_fraud_Harber Inc,1.3134466729447576e-05
"merchant_fraud_Rippin, Kub and Mann",1.3110044087836238e-05
job_Petroleum engineer,1.3097967253399305e-05
job_Lexicographer,1.3074736441513168e-05
zip_7060,1.3052915838891015e-05
city_Kirby,1.3037365728737121e-05
merchant_fraud_Balistreri-Nader,1.2955118023857037e-05
merchant_fraud_Heller PLC,1.292448630844658e-05
zip_49854,1.271022145424053e-05
"merchant_fraud_Tromp, Kerluke and Glover",1.2628363402795206e-05
merchant_fraud_Schmidt-Larkin,1.2580351842829716e-05
merchant_fraud_Renner Ltd,1.2577405456901016e-05
zip_12460,1.2545137231994246e-05
merchant_fraud_Dooley-Thompson,1.2540471262235514e-05
city_Bellmore,1.2521590075027071e-05
"merchant_fraud_Witting, Beer and Ernser",1.2511786068098926e-05
merchant_fraud_Reynolds-Schinner,1.2483486489815775e-05
city_Littleton,1.2431832247940638e-05
zip_97377,1.2322208245109292e-05
city_Bauxite,1.2310222397445426e-05
merchant_fraud_Reichel Inc,1.2303979005890442e-05
"merchant_fraud_Dare, Casper and Bartoletti",1.2241584560802978e-05
city_New Franken,1.2216693533485186e-05
merchant_fraud_Herzog Ltd,1.2210953165666528e-05
"merchant_fraud_Baumbach, Feeney and Morar",1.2206166440530766e-05
city_Lonsdale,1.2187598495356448e-05
zip_64076,1.2176551432241886e-05
"merchant_fraud_Kihn, Brakus and Goyette",1.2144853302182183e-05
zip_83252,1.2135647296462797e-05
"merchant_fraud_Schumm, Bauch and Ondricka",1.2118412689754626e-05
city_Shrewsbury,1.209063751304225e-05
zip_82901,1.208477762112324e-05
"job_Journalist, newspaper",1.2033302857713564e-05
city_Barnard,1.1963391386808964e-05
city_Pembroke Township,1.1940656435333356e-05
merchant_fraud_Lynch-Wisozk,1.192765408976321e-05
zip_53153,1.182648385711374e-05
"merchant_fraud_Baumbach, Strosin and Nicolas",1.1784444819545118e-05
merchant_fraud_Murray Ltd,1.176945915276651e-05
merchant_fraud_Botsford and Sons,1.1723897328270583e-05
city_Knoxville,1.1720325188513007e-05
merchant_fraud_Leannon-Ward,1.1703668438439658e-05
city_Morrisdale,1.1673388891307366e-05
merchant_fraud_Rowe-Vandervort,1.1652611421027672e-05
merchant_fraud_Price Inc,1.1638651477051341e-05
merchant_fraud_Friesen-Ortiz,1.1638120296160373e-05
job_Public relations account executive,1.1602179373165403e-05
job_Commercial/residential surveyor,1.1563389728610768e-05
city_Superior,1.1511221412194779e-05
job_Public relations officer,1.1475342638183427e-05
city_Thida,1.146015966091508e-05
zip_46702,1.1446093922918371e-05
merchant_fraud_Stiedemann Inc,1.1400641121369084e-05
job_Accounting technician,1.133545012845388e-05
zip_53803,1.1272337808361243e-05
merchant_fraud_Lynch-Mohr,1.1262784103826349e-05
merchant_fraud_Ankunding-Carroll,1.1246454212323275e-05
job_Careers information officer,1.1180078576824741e-05
city_Cedar,1.115807427376925e-05
zip_33956,1.10945054061008e-05
zip_12534,1.1063828718804994e-05
job_Forensic psychologist,1.1062190016362293e-05
merchant_fraud_Heidenreich PLC,1.1061172601492202e-05
"merchant_fraud_Kerluke, Considine and Macejkovic",1.096631312658044e-05
merchant_fraud_Bauch-Raynor,1.0956848200275543e-05
merchant_fraud_Block-Hauck,1.0945878392844858e-05
merchant_fraud_Volkman Ltd,1.0935156961843897e-05
merchant_fraud_Kozey-Kuhlman,1.0933481321973218e-05
job_Barrister's clerk,1.0882849185400062e-05
merchant_fraud_Leannon-Nikolaus,1.0871936974316944e-05
zip_44223,1.0868636736760003e-05
"merchant_fraud_Rowe, Batz and Goodwin",1.0847749821477254e-05
zip_46254,1.0806397313513798e-05
"merchant_fraud_Olson, Becker and Koch",1.0763362290420391e-05
city_Andrews,1.0757838195980916e-05
merchant_fraud_Hamill-D'Amore,1.074680817969379e-05
merchant_fraud_Strosin-Cruickshank,1.0718862115988598e-05
"merchant_fraud_Klocko, Runolfsdottir and Breitenberg",1.0600142220418839e-05
merchant_fraud_Eichmann-Russel,1.042046362604074e-05
merchant_fraud_Vandervort-Funk,1.0396857746792989e-05
zip_83643,1.0389850343749247e-05
merchant_fraud_Barton LLC,1.0358139231958546e-05
zip_33040,1.0349321951274932e-05
city_Topeka,1.0321197307030357e-05
merchant_fraud_Roberts-Beahan,1.028909613586378e-05
merchant_fraud_Auer-West,1.0286858171781604e-05
merchant_fraud_Gulgowski LLC,1.027666207805461e-05
zip_21750,1.0263872790595584e-05
zip_58569,1.0225427170774879e-05
zip_55046,1.0178355639046014e-05
city_Rock Springs,1.0168381064947739e-05
merchant_fraud_Mohr-Bayer,1.0156777305875804e-05
job_Retail merchandiser,1.0146882529560347e-05
merchant_fraud_Reilly LLC,1.013013509554896e-05
merchant_fraud_Kautzer and Sons,1.0088104910238917e-05
zip_19149,1.0068954042109884e-05
"merchant_fraud_Stehr, Jewess and Schimmel",1.003094931579348e-05
zip_89512,9.97611448300896e-06
merchant_fraud_Hickle Group,9.955353518401937e-06
"merchant_fraud_O'Reilly, Mohr and Purdy",9.869377418230207e-06
"merchant_fraud_Feil, Hilpert and Koss",9.810558072447555e-06
zip_49775,9.782485202860886e-06
city_Florence,9.743062174581033e-06
merchant_fraud_Roob-Okuneva,9.735922041625235e-06
zip_63665,9.68730431597246e-06
"merchant_fraud_Schoen, Kuphal and Nitzsche",9.647609398498758e-06
"job_Engineer, civil (consulting)",9.617289843965743e-06
zip_48034,9.590752303548648e-06
"merchant_fraud_Osinski, Ledner and Leuschke",9.579367936386385e-06
zip_14037,9.546750700442674e-06
merchant_fraud_Rolfson-Kunde,9.535171856041414e-06
"merchant_fraud_Roob, Conn and Tremblay",9.487494331530453e-06
merchant_fraud_Kling Inc,9.473370224402861e-06
city_Waukesha,9.361669654084436e-06
zip_56672,9.356410180812798e-06
zip_82514,9.353337744502286e-06
merchant_fraud_Fadel-Hilpert,9.334650087522612e-06
city_Hinckley,9.267309834076025e-06
merchant_fraud_Schimmel-Olson,9.262936607295519e-06
merchant_fraud_Rutherford-Mertz,9.262216725204366e-06
city_Roma,9.159805061029752e-06
merchant_fraud_Stoltenberg-Beatty,9.158290265235224e-06
job_Surgeon,9.139113884665905e-06
merchant_fraud_Kerluke-Abshire,9.096048345871154e-06
"merchant_fraud_Medhurst, Cartwright and Ebert",9.071742644193855e-06
"job_Engineer, land",9.069946422052076e-06
city_Springfield,9.056572762145391e-06
zip_91321,9.024465513288806e-06
zip_41056,9.01191724959836e-06
"merchant_fraud_Haley, Batz and Auer",8.988387256135077e-06
merchant_fraud_Koepp-Witting,8.892894859865465e-06
merchant_fraud_Schumm PLC,8.877974678117745e-06
city_Lowell,8.791683288351482e-06
city_Centerview,8.790415533612719e-06
"merchant_fraud_Casper, Hand and Zulauf",8.771443312932487e-06
merchant_fraud_Greenholt Ltd,8.76488911113443e-06
zip_39073,8.747317918841788e-06
city_Roosevelt,8.74475396126794e-06
"merchant_fraud_Raynor, Reinger and Hagenes",8.726139843232281e-06
city_Bolton,8.705386273178237e-06
job_Psychotherapist,8.700795148509227e-06
city_Walnut Ridge,8.684452336383873e-06
city_Newhall,8.640683703340803e-06
merchant_fraud_Medhurst Inc,8.597798654741507e-06
city_Daly City,8.593781266044602e-06
"merchant_fraud_Lind, Huel and McClure",8.538333572876012e-06
zip_15686,8.472164809314628e-06
merchant_fraud_McDermott-Weimann,8.27117773250109e-06
merchant_fraud_Bailey-Morar,8.25306540732437e-06
zip_72476,8.229616647065779e-06
merchant_fraud_Lockman Ltd,8.222443638390244e-06
zip_68950,8.198875300470715e-06
merchant_fraud_Cummings LLC,8.122423825154467e-06
"merchant_fraud_Baumbach, Hodkiewicz and Walsh",8.091438444147353e-06
merchant_fraud_Maggio-Fahey,8.081040360004346e-06
merchant_fraud_Johns-Hoeger,8.064717537705753e-06
zip_98665,8.061501733729221e-06
merchant_fraud_Hammes-Beatty,7.987140119173358e-06
merchant_fraud_Little Ltd,7.981121441684268e-06
job_Video editor,7.93316018579803e-06
city_Noonan,7.921164440182848e-06
"merchant_fraud_Schiller, Blanda and Johnson",7.887969361458068e-06
job_Warden/ranger,7.788434822352866e-06
city_Tupper Lake,7.767989509428526e-06
merchant_fraud_DuBuque LLC,7.767844446453122e-06
merchant_fraud_Pollich LLC,7.736246218714596e-06
"merchant_fraud_Labadie, Treutel and Bode",7.695279881816421e-06
"merchant_fraud_Connelly, Reichert and Fritsch",7.682759469287452e-06
city_Dresden,7.630461095181556e-06
city_Mayersville,7.602613075469102e-06
merchant_fraud_Fritsch and Sons,7.58836837172387e-06
"merchant_fraud_Zemlak, Tillman and Cremin",7.577525804602097e-06
city_Seneca,7.560650840072829e-06
merchant_fraud_Hills-Olson,7.544493002237859e-06
merchant_fraud_Schiller Ltd,7.514473292429898e-06
merchant_fraud_Prohaska-Murray,7.3406836881761456e-06
merchant_fraud_Smitham-Schiller,7.3304645298058705e-06
merchant_fraud_Larkin Ltd,7.2284815558447735e-06
city_Murrayville,7.192424190652917e-06
city_Miamisburg,7.1322094068983315e-06
city_San Diego,7.097843408454612e-06
merchant_fraud_Howe PLC,7.093714056231467e-06
merchant_fraud_Jewess LLC,7.089179057319554e-06
city_Bay City,7.053794978468476e-06
zip_97476,7.045714000800167e-06
merchant_fraud_Shields-Wunsch,7.032819165565476e-06
city_Southfield,6.979588021523671e-06
merchant_fraud_Skiles LLC,6.886861726195915e-06
zip_79842,6.881941277018347e-06
merchant_fraud_Metz-Boehm,6.862645720755728e-06
zip_73669,6.862642764112821e-06
zip_37932,6.824728877567142e-06
merchant_fraud_McCullough Group,6.74526444603803e-06
merchant_fraud_Kihn Inc,6.742902505875157e-06
"job_Engineer, petroleum",6.721335821389477e-06
"merchant_fraud_Schuppe, Nolan and Hoeger",6.70974812029776e-06
merchant_fraud_Kuphal-Predovic,6.704843695410628e-06
zip_12986,6.69914655160608e-06
"merchant_fraud_Douglas, DuBuque and McKenzie",6.689357900512851e-06
city_Blooming Grove,6.686160301816945e-06
merchant_fraud_Haag-Blanda,6.68556437608784e-06
merchant_fraud_Ebert-Daugherty,6.665085941846436e-06
zip_79759,6.65890483122785e-06
city_Port Gibson,6.655778497775602e-06
zip_99746,6.632074624988441e-06
zip_44702,6.620551248030277e-06
"job_Designer, exhibition/display",6.597632949364864e-06
job_Community education officer,6.593728719469102e-06
city_Sun City,6.567540501134727e-06
merchant_fraud_Mohr Inc,6.561689972884643e-06
"merchant_fraud_Zieme, Bode and Dooley",6.5397038169315504e-06
zip_54559,6.526983194038145e-06
"merchant_fraud_Mueller, Gerhold and Mueller",6.5243654583332935e-06
"job_Scientist, biomedical",6.496847466448071e-06
job_Investment analyst,6.473935634887642e-06
zip_44233,6.460071918205251e-06
"merchant_fraud_Hintz, Bauch and Smith",6.450395339157058e-06
merchant_fraud_Ruecker-Mayert,6.4460602879805554e-06
city_Enola,6.4199592455859094e-06
merchant_fraud_Kassulke PLC,6.415475542664457e-06
"merchant_fraud_Turner, Ziemann and Lehner",6.390729593181865e-06
city_Purmela,6.389657766488381e-06
city_Elberta,6.377028788510297e-06
"merchant_fraud_Ritchie, Oberbrunner and Cremin",6.34018516227791e-06
city_Odessa,6.336276872099373e-06
zip_29438,6.330362428102773e-06
zip_70056,6.32808108514834e-06
merchant_fraud_Veum-Koelpin,6.210743716173214e-06
merchant_fraud_Thiel PLC,6.143684055630693e-06
job_Arboriculturist,6.096702975734712e-06
zip_58531,6.0777348263625125e-06
"merchant_fraud_Goldner, Kovacek and Abbott",6.077299706887044e-06
merchant_fraud_Terry Ltd,6.071767661755739e-06
zip_49705,6.052787144369966e-06
"merchant_fraud_Bradtke, Torp and Bahringer",6.049190250388547e-06
city_Norman,6.035019846096795e-06
merchant_fraud_Howe Ltd,6.025195301288315e-06
city_Ronceverte,5.9630328579832075e-06
merchant_fraud_Bode-Schuster,5.952110286657273e-06
job_Biomedical scientist,5.914566397105631e-06
job_Theatre director,5.905541891611465e-06
city_Norman Park,5.879384574860012e-06
job_Furniture designer,5.872626899009887e-06
zip_70726,5.856760101332518e-06
zip_32323,5.8385812941655666e-06
"merchant_fraud_Lehner, Mosciski and King",5.8218531270338195e-06
merchant_fraud_Schoen Ltd,5.799819759295125e-06
merchant_fraud_Jast-McDermott,5.793380240747264e-06
merchant_fraud_Kunze Inc,5.790876095107066e-06
job_Soil scientist,5.789313431534353e-06
merchant_fraud_Kutch-Wilderman,5.7885435626743e-06
"merchant_fraud_Cole, Hills and Jewess",5.77214072609285e-06
job_Patent attorney,5.767173204128976e-06
zip_1843,5.7243803324860334e-06
"job_Social research officer, government",5.717041903366247e-06
job_Freight forwarder,5.707043265791008e-06
"merchant_fraud_Zboncak, Rowe and Murazik",5.703067106549777e-06
zip_78631,5.6605240595444825e-06
"merchant_fraud_Weber, Thiel and Hammes",5.640795393188568e-06
merchant_fraud_Kessler Inc,5.640121032676333e-06
zip_35229,5.628327431640222e-06
city_North Washington,5.62813445982425e-06
"merchant_fraud_Berge, Kautzer and Harris",5.621197300332165e-06
city_Kansas City,5.620242045370648e-06
"merchant_fraud_Fadel, Mertz and Rippin",5.609053091613839e-06
city_Blairstown,5.589932725656983e-06
zip_45622,5.574871809203512e-06
merchant_fraud_Dach-Borer,5.556113703886597e-06
city_Tekoa,5.53877297396814e-06
merchant_fraud_Lesch Ltd,5.5209270093432465e-06
city_Metairie,5.509559798985884e-06
merchant_fraud_Kub PLC,5.498400852550068e-06
"merchant_fraud_Wiza, Schaden and Stark",5.494008381061567e-06
job_Health physicist,5.414582219864803e-06
"merchant_fraud_O'Connell, Botsford and Hand",5.393090615526298e-06
zip_64019,5.347499159899919e-06
zip_43985,5.339288869632239e-06
"merchant_fraud_Gutmann, McLaughlin and Wiza",5.316568060031496e-06
city_Paauilo,5.3132409699848885e-06
zip_53926,5.312751741253284e-06
city_Scotts Mills,5.303229341239701e-06
merchant_fraud_Flatley Group,5.284318123733822e-06
job_Network engineer,5.249462667232615e-06
"merchant_fraud_Hahn, Bahringer and McLaughlin",5.2493966215165686e-06
city_Murfreesboro,5.2158353932577945e-06
merchant_fraud_McKenzie-Huels,5.19836807834012e-06
merchant_fraud_McGlynn-Heathcote,5.194396347812988e-06
zip_12910,5.178162221291083e-06
merchant_fraud_Dare-Gibson,5.166617518092796e-06
city_Hawthorne,5.165248314714029e-06
city_Ratcliff,5.160073693683727e-06
city_Port Costa,5.143447410879032e-06
city_Ballwin,5.1015912462173895e-06
zip_28659,5.083811433781375e-06
merchant_fraud_Crona and Sons,5.074637200006798e-06
zip_48174,5.015951047383384e-06
"merchant_fraud_Wintheiser, Dietrich and Schimmel",5.003074858249474e-06
merchant_fraud_Sporer Inc,4.95442016691352e-06
city_Gretna,4.94314443790694e-06
city_Valdosta,4.912268237364346e-06
job_Administrator,4.904511464361414e-06
job_Animal nutritionist,4.854374130903477e-06
zip_33710,4.843623881510781e-06
city_Johns Island,4.8415941656266115e-06
merchant_fraud_Reichel LLC,4.763670116583376e-06
zip_77327,4.7633429437122025e-06
zip_82501,4.758575784728204e-06
zip_14733,4.748629121662468e-06
merchant_fraud_Schamberger-O'Keefe,4.730647784782177e-06
merchant_fraud_Denesik and Sons,4.7129906279753834e-06
city_Clutier,4.710701692387498e-06
city_Riverton,4.707062867234186e-06
job_Commercial horticulturist,4.645550937287023e-06
job_Chief Financial Officer,4.631362846291531e-06
merchant_fraud_O'Hara-Wilderman,4.630204436502363e-06
zip_27258,4.612029515382774e-06
merchant_fraud_Sporer-Keebler,4.605772501948425e-06
merchant_fraud_Schmeler Inc,4.589229799808007e-06
zip_78113,4.5842021782951615e-06
zip_58651,4.551185622307103e-06
merchant_fraud_Boyer-Haley,4.54719176086811e-06
merchant_fraud_Goyette-Gerhold,4.535830706628797e-06
zip_72047,4.517927861521267e-06
"merchant_fraud_Cormier, Stracke and Thiel",4.503000707942736e-06
zip_68973,4.427614414115499e-06
merchant_fraud_Lynch Ltd,4.423374044663794e-06
"merchant_fraud_Moore, Williamson and Emmerich",4.408901820585928e-06
"job_Teacher, secondary school",4.391404900821226e-06
zip_82072,4.356147657367628e-06
city_West Henrietta,4.336559313858442e-06
zip_43102,4.282321605151639e-06
zip_75703,4.2803910405732865e-06
city_Harborcreek,4.253605986439915e-06
zip_43760,4.244803763247093e-06
city_Rock Tavern,4.2298010374995995e-06
"job_Engineer, technical sales",4.220574165050309e-06
merchant_fraud_Morissette PLC,4.213123382899768e-06
merchant_fraud_Spencer-Runolfsson,4.208053003999418e-06
merchant_fraud_Abbott-Steuber,4.200659653083253e-06
job_Management consultant,4.188928134254526e-06
city_Grantham,4.143789479492957e-06
zip_82063,4.133269779476672e-06
job_Special effects artist,4.1155106588634545e-06
city_Eagarville,4.110855373162702e-06
"merchant_fraud_Schroeder, Wolff and Hermiston",4.0942233847781165e-06
job_Cartographer,4.054577030137848e-06
zip_54441,4.051797451927658e-06
city_Holcomb,4.047401537721792e-06
zip_41812,4.04333292584687e-06
merchant_fraud_Kub-Heaney,4.039088403065973e-06
merchant_fraud_Breitenberg LLC,4.0381754016526784e-06
city_Fort Myers,3.985934277073079e-06
"job_Radiographer, therapeutic",3.9638979117549325e-06
city_Manquin,3.956460511965902e-06
"job_Therapist, art",3.9422823768374665e-06
zip_45150,3.937098328755607e-06
city_Kenner,3.9292941903104555e-06
job_Press photographer,3.928707043724307e-06
zip_28423,3.903808825862623e-06
merchant_fraud_Hyatt-Blick,3.895899390832788e-06
zip_15324,3.895168702451471e-06
city_Mallie,3.8866572597475435e-06
merchant_fraud_Kassulke Inc,3.879960842126485e-06
zip_95537,3.869828057606058e-06
merchant_fraud_Beier and Sons,3.848198208844773e-06
merchant_fraud_Nader-Maggio,3.779765622235077e-06
merchant_fraud_Deckow-Dare,3.7663784835945104e-06
zip_85020,3.7159778111999326e-06
merchant_fraud_Christiansen-Gusikowski,3.705407595049128e-06
zip_43330,3.6824436487383963e-06
"merchant_fraud_Cremin, Hamill and Reichel",3.6795016963456986e-06
merchant_fraud_Macejkovic-Lesch,3.6722761378706416e-06
zip_26041,3.607117658068408e-06
job_Hospital doctor,3.6049875770416066e-06
zip_35049,3.5938080249705465e-06
city_Center Point,3.5927268281567513e-06
city_Mulberry Grove,3.585784282188662e-06
merchant_fraud_Bode-Rempel,3.584636157050133e-06
city_De Soto,3.5631276731251467e-06
"merchant_fraud_Parisian, Schiller and Altenwerth",3.549756078392962e-06
city_Huntsville,3.5490556800689766e-06
zip_75218,3.540505083419772e-06
"merchant_fraud_Yost, Schamberger and Windler",3.528383769167961e-06
zip_22968,3.5168169642422528e-06
"merchant_fraud_Hermiston, Russel and Price",3.515760202323934e-06
zip_95827,3.4814661406273846e-06
city_Acworth,3.472603997412695e-06
merchant_fraud_Marks Inc,3.457654787756288e-06
"job_Education officer, museum",3.45450101149941e-06
city_Catawba,3.430983856812544e-06
"merchant_fraud_Johnston, Nikolaus and Maggio",3.4255589113676546e-06
"merchant_fraud_Runte, Green and Emard",3.3944767199059363e-06
"merchant_fraud_Mosciski, Gislason and Mertz",3.357017933750116e-06
"job_Development worker, international aid",3.356299981517335e-06
job_Airline pilot,3.3535003750932244e-06
zip_56379,3.3470301570294343e-06
zip_61335,3.3317281161724535e-06
"merchant_fraud_Towne, Walker and Borer",3.323983522580519e-06
"merchant_fraud_Weimann, Kuhic and Beahan",3.255695800668264e-06
city_Nobleboro,3.225890278759394e-06
city_Arnold,3.220945663156378e-06
merchant_fraud_Lind-Buckridge,3.203718966003314e-06
zip_47434,3.170087501077329e-06
city_Goodrich,3.1387283777362504e-06
city_Luray,3.133657304836689e-06
"merchant_fraud_Douglas, Schneider and Turner",3.1236407546356807e-06
"job_Buyer, industrial",3.1209070222451863e-06
city_Parsonsfield,3.1141505663478487e-06
merchant_fraud_Eichmann-Kilback,3.101693331459733e-06
"merchant_fraud_Cronin, Kshlerin and Weber",3.088928914589257e-06
city_Laguna Hills,3.081848788397679e-06
job_Secretary/administrator,3.075856245134128e-06
merchant_fraud_Koelpin and Sons,3.0746038242972434e-06
job_Television floor manager,3.06737503171519e-06
job_Health service manager,3.0584492064622045e-06
city_Quanah,3.0519121255466685e-06
merchant_fraud_Kling-Grant,3.0513123914246473e-06
zip_43321,3.0342108045446938e-06
job_Public house manager,3.027428689014217e-06
city_Grandview,3.0252861265204064e-06
city_Manley,3.0240675361596407e-06
city_Westport,2.9983143094905666e-06
zip_7022,2.984719380114899e-06
merchant_fraud_Monahan-Morar,2.972117365380206e-06
zip_98233,2.9596106385819005e-06
merchant_fraud_Schoen-Quigley,2.9550669105912852e-06
city_Lake Jackson,2.9514651808985604e-06
merchant_fraud_Homenick LLC,2.949857682733421e-06
"merchant_fraud_Nienow, Barrows and Romaguera",2.9252757831476333e-06
merchant_fraud_Turner LLC,2.919445690178062e-06
"merchant_fraud_Larson, Quitzon and Spencer",2.916469477315555e-06
zip_15010,2.9161646365681895e-06
city_Oak Hill,2.911060922465329e-06
zip_36617,2.9051804927095626e-06
"job_Designer, interior/spatial",2.9042246741305706e-06
city_Romulus,2.8962901121488324e-06
zip_77026,2.889587847832041e-06
merchant_fraud_Nader-Heller,2.8889924108393114e-06
city_Mount Saint Joseph,2.8704506470240474e-06
city_Battle Creek,2.863388080801081e-06
zip_33811,2.8575850530787553e-06
job_Town planner,2.834092862569172e-06
zip_77971,2.828905580387976e-06
city_Rocky Mount,2.817385747407792e-06
zip_33813,2.8004620918666167e-06
"merchant_fraud_Nienow, Ankunding and Collier",2.775290727650708e-06
zip_96038,2.7699111793951014e-06
city_North Prairie,2.7635531730037684e-06
zip_94015,2.7558777658296996e-06
"merchant_fraud_Tillman, Dickinson and Labadie",2.7272997567059377e-06
merchant_fraud_Thiel-Thiel,2.727189823186363e-06
"merchant_fraud_Streich, Rolfson and Wilderman",2.7128478226984144e-06
city_Amsterdam,2.700628551293211e-06
city_Graniteville,2.697241758531882e-06
city_Holliday,2.697096226177596e-06
city_Mounds,2.6868926730529434e-06
merchant_fraud_Goyette-Herzog,2.6811266665443284e-06
merchant_fraud_O'Connell-Ullrich,2.6535048048822316e-06
merchant_fraud_Kulas Group,2.6496120162749892e-06
merchant_fraud_Kuphal-Toy,2.6394174631954266e-06
zip_33967,2.63427717641013e-06
zip_29809,2.628905590097464e-06
zip_13615,2.6034208684801993e-06
"merchant_fraud_Towne, Greenholt and Koepp",2.585194914569953e-06
merchant_fraud_Wilkinson LLC,2.5768737197150825e-06
city_Hancock,2.575219726450904e-06
city_Wetmore,2.5637051492032854e-06
zip_33510,2.5602352297194574e-06
"merchant_fraud_Romaguera, Wehner and Tromp",2.558835993900878e-06
zip_94569,2.5574300891884e-06
city_Hannawa Falls,2.5553242422066345e-06
zip_35747,2.5453809871967886e-06
merchant_fraud_Morissette LLC,2.542006311861431e-06
"merchant_fraud_Prosacco, Kreiger and Kovacek",2.541949247451226e-06
city_North Judson,2.538269244935858e-06
zip_56019,2.5310647348093357e-06
zip_92128,2.5299918091953395e-06
city_Alpharetta,2.529033175031387e-06
merchant_fraud_Schulist Ltd,2.52585648620451e-06
city_Fenelton,2.518384729015651e-06
city_Mesa,2.5156660984561086e-06
zip_51006,2.49598115466738e-06
merchant_fraud_Huel Ltd,2.4932249633024815e-06
"merchant_fraud_Hills, Hegmann and Schaefer",2.489758030253778e-06
merchant_fraud_Cummerata-Hilpert,2.4769847864659632e-06
merchant_fraud_Gerlach Inc,2.4680416031680032e-06
zip_46346,2.460948581612377e-06
zip_59871,2.4568453028763e-06
merchant_fraud_Wuckert-Goldner,2.449597371742997e-06
city_Phenix City,2.44957988722687e-06
zip_31630,2.426271933287601e-06
zip_40077,2.4246253053002383e-06
merchant_fraud_Simonis-Prohaska,2.4245837152667522e-06
zip_46765,2.4209800795345727e-06
job_Phytotherapist,2.4129090619941015e-06
merchant_fraud_Volkman-Predovic,2.4074459859929084e-06
zip_95148,2.4018933217671e-06
zip_41836,2.392238396856702e-06
merchant_fraud_Bechtelar-Rippin,2.386653611906726e-06
zip_77358,2.386174649609451e-06
"merchant_fraud_Larkin, Stracke and Greenfelder",2.377497782137652e-06
city_Sacramento,2.3643581655510105e-06
city_Key West,2.3588385318744987e-06
merchant_fraud_Corwin-Romaguera,2.357392255054852e-06
zip_30009,2.3517835887551195e-06
merchant_fraud_Jacobi Inc,2.3503945311877107e-06
merchant_fraud_Kutch-Ferry,2.3456586935004963e-06
zip_33909,2.3424566794805524e-06
"merchant_fraud_Goyette, Howell and Collier",2.331701099789608e-06
job_Police officer,2.3174808023563598e-06
merchant_fraud_Miller-Harris,2.309356504161293e-06
zip_14778,2.306590524809086e-06
merchant_fraud_Pouros-Conroy,2.3045941786210735e-06
city_Lohrville,2.3036716526422095e-06
zip_77007,2.300918536583304e-06
zip_5733,2.2964313970110987e-06
merchant_fraud_Pacocha-Weissnat,2.2926753260647978e-06
zip_83646,2.2874979284894747e-06
"merchant_fraud_Reichel, Bradtke and Blanda",2.283850206993257e-06
zip_64630,2.282894285870796e-06
"merchant_fraud_Reinger, Weissnat and Strosin",2.271772206383165e-06
merchant_fraud_Smith-Stokes,2.2664753309255287e-06
zip_92585,2.265111038033725e-06
zip_37754,2.2627605366319397e-06
city_Mc Nabb,2.2560978846572965e-06
merchant_fraud_Reilly and Sons,2.2471918156054205e-06
"job_Geologist, engineering",2.2406958574137744e-06
merchant_fraud_Block Group,2.2297150613433845e-06
city_Sauk Rapids,2.2254657447085523e-06
job_Public affairs consultant,2.219432566941247e-06
city_Pointe Aux Pins,2.210110246711742e-06
merchant_fraud_Brown-Greenholt,2.207105109372336e-06
"merchant_fraud_Becker, Harris and Harvey",2.2053355468043606e-06
merchant_fraud_Welch Inc,2.203966311269934e-06
city_Mansfield,2.181040619701885e-06
zip_36749,2.180127553302635e-06
city_Wheaton,2.174264463585055e-06
"merchant_fraud_Greenholt, Jacobi and Gleason",2.1630168965052024e-06
zip_53061,2.147578890766581e-06
"merchant_fraud_Boehm, Predovic and Reinger",2.138875275423827e-06
zip_72354,2.138586989307098e-06
merchant_fraud_Schroeder Group,2.122515980010952e-06
zip_31771,2.1202889241525285e-06
city_Matthews,2.1148902104574055e-06
city_Christine,2.1123346816905326e-06
city_Cochranton,2.098740451969179e-06
zip_40056,2.089181656301316e-06
merchant_fraud_Langworth LLC,2.086268609021704e-06
"job_Administrator, charities/voluntary organisations",2.0790789664818002e-06
zip_62668,2.078849561833205e-06
city_Mount Perry,2.074778103866087e-06
zip_25526,2.0700083281620457e-06
merchant_fraud_Kertzmann LLC,2.0558808074709614e-06
merchant_fraud_Brekke and Sons,2.041866742357856e-06
city_Saint James City,2.0246334160745683e-06
merchant_fraud_Streich Ltd,2.0142867534535023e-06
"merchant_fraud_Welch, Rath and Koepp",2.0128458146735703e-06
zip_58765,2.0012755278789975e-06
job_Mental health nurse,1.9911354075832653e-06
job_Information systems manager,1.9911120987358153e-06
merchant_fraud_Dietrich-Fadel,1.990504133436908e-06
city_Newark Valley,1.969303189237217e-06
zip_97107,1.967344649848863e-06
job_Research scientist (maths),1.963343818959184e-06
zip_29455,1.952082093691366e-06
city_Crownpoint,1.9442464650402568e-06
zip_48438,1.944046650214707e-06
merchant_fraud_McDermott-Rice,1.9407343095865917e-06
merchant_fraud_Pagac LLC,1.9145503899439845e-06
merchant_fraud_Funk Group,1.9141101761266014e-06
zip_7439,1.913780664604367e-06
zip_43408,1.9101930639072293e-06
merchant_fraud_Ernser-Feest,1.8850890735706167e-06
merchant_fraud_Botsford PLC,1.8848235436613755e-06
zip_33620,1.8613532031947888e-06
merchant_fraud_Connelly-Carter,1.8585678313921874e-06
merchant_fraud_Auer LLC,1.856260196371475e-06
zip_17060,1.8548985269596817e-06
city_Harwood,1.8309865010003496e-06
merchant_fraud_Dibbert-Green,1.811387370494928e-06
city_Haw River,1.7896513216692296e-06
zip_58579,1.7861830006543369e-06
city_Bagley,1.7840032590395275e-06
job_Risk analyst,1.780958939924225e-06
merchant_fraud_Kemmer-Reinger,1.7801297363032365e-06
merchant_fraud_Klein Group,1.777907839680398e-06
"merchant_fraud_Boehm, Block and Jakubowski",1.7756785219110025e-06
zip_38677,1.7678129949635544e-06
job_Waste management officer,1.7655320472353318e-06
city_Garrattsville,1.7583536042823966e-06
city_Hatch,1.7439577074591392e-06
city_University,1.7238493067374434e-06
city_Umatilla,1.7229567963623457e-06
city_Muskegon,1.708906920774287e-06
zip_49621,1.704169643437836e-06
city_Moundsville,1.6808227924965129e-06
"job_Pharmacist, community",1.6733446108655092e-06
job_Land,1.6714604083514632e-06
merchant_fraud_Rippin-VonRueden,1.6695794905908893e-06
merchant_fraud_Kihn-Fritsch,1.658190921483963e-06
city_Oakdale,1.6386517005969562e-06
"merchant_fraud_Hodkiewicz, Prohaska and Paucek",1.635214691239266e-06
city_Port Charlotte,1.6340803174094725e-06
zip_25442,1.6326950582901655e-06
merchant_fraud_Ruecker Group,1.6270305952430281e-06
zip_76366,1.6188225344194482e-06
merchant_fraud_Grimes LLC,1.6169890885993562e-06
"merchant_fraud_Johnson, Runolfsdottir and Mayer",1.6136169708318565e-06
merchant_fraud_Champlin-Casper,1.6126797191161943e-06
city_Winger,1.6076016190911053e-06
city_South Richmond Hill,1.605838505249318e-06
city_Jones,1.6014201114246712e-06
zip_57340,1.5981303568550584e-06
zip_21872,1.5932992881873506e-06
zip_78214,1.586998053634201e-06
city_Lanark Village,1.5714205747018966e-06
zip_23303,1.570488217464058e-06
zip_13342,1.554519354460035e-06
zip_39897,1.5487451596552252e-06
job_Museum/gallery exhibitions officer,1.5424866747125286e-06
zip_96135,1.5322333122210553e-06
job_Hydrologist,1.5296734788043383e-06
city_West Green,1.524288903902189e-06
zip_45331,1.5192439724692627e-06
zip_16329,1.5122034912632004e-06
city_Napa,1.5026821110109348e-06
zip_94558,1.4973406291467113e-06
merchant_fraud_Morar Inc,1.4889693439014067e-06
zip_55771,1.4781550201497368e-06
city_Tulsa,1.460546637517892e-06
merchant_fraud_Jakubowski Group,1.4495532690618453e-06
merchant_fraud_Cummings Group,1.447573091999269e-06
merchant_fraud_Windler LLC,1.4300319390823435e-06
city_Fordoche,1.427988319106108e-06
merchant_fraud_Runte-Mohr,1.4163867915890036e-06
city_New Holstein,1.4156898112276607e-06
zip_70531,1.4104197696868346e-06
city_Westerville,1.409650507499375e-06
city_Saint Paul,1.3916417746907086e-06
zip_85173,1.3835937377928171e-06
"merchant_fraud_Streich, Hansen and Veum",1.3771054559488579e-06
zip_15920,1.3750309989437687e-06
city_Burlington,1.3705376924031525e-06
zip_67851,1.3613209509506992e-06
zip_16048,1.3582379492350723e-06
"merchant_fraud_Bahringer, Schoen and Corkery",1.3570842873370303e-06
merchant_fraud_Powlowski-Weimann,1.3450701592773202e-06
zip_5654,1.339121063841216e-06
zip_7005,1.3285777271226595e-06
"merchant_fraud_Schaefer, Fay and Hilll",1.3281129802655526e-06
zip_47838,1.322423548822213e-06
merchant_fraud_Kris-Kertzmann,1.320673352731213e-06
"job_Pharmacist, hospital",1.3107762828542104e-06
merchant_fraud_Dare-Marvin,1.3006627050230726e-06
merchant_fraud_Buckridge PLC,1.2951329831864514e-06
"merchant_fraud_Parker, Nolan and Trantow",1.2819713902858454e-06
city_Fields Landing,1.2780037203837174e-06
merchant_fraud_Turcotte-Halvorson,1.2737113255914662e-06
city_Ogdensburg,1.2732256005268897e-06
merchant_fraud_Roob LLC,1.267293625788256e-06
zip_79063,1.264644692396741e-06
zip_78248,1.2639622865529044e-06
zip_33981,1.2638728192054617e-06
merchant_fraud_Volkman PLC,1.2493726168383742e-06
city_Grassflat,1.2479364022179035e-06
zip_45415,1.247565666289738e-06
zip_7640,1.2377461554222741e-06
"job_Investment banker, corporate",1.23220780867492e-06
zip_33404,1.2288062287330159e-06
merchant_fraud_Spinka Inc,1.2220886933149392e-06
job_Market researcher,1.2170044937940051e-06
zip_45698,1.2143286108893418e-06
zip_7208,1.211900461121888e-06
city_Halma,1.2071788180499702e-06
merchant_fraud_Bogisich Inc,1.1998223281644305e-06
merchant_fraud_Swift PLC,1.1991390845673272e-06
city_Michigan,1.1981183851768744e-06
merchant_fraud_Larson-Moen,1.1916915926616216e-06
"job_Accountant, chartered public finance",1.187656336257331e-06
job_Insurance risk surveyor,1.175476589010661e-06
"merchant_fraud_Hahn, Douglas and Schowalter",1.1689656891288126e-06
merchant_fraud_Lebsack and Sons,1.160947300363183e-06
zip_24070,1.1528473342675165e-06
zip_64114,1.152658160673017e-06
merchant_fraud_Zemlak Group,1.1525579593538023e-06
zip_77412,1.1495198087561523e-06
"merchant_fraud_Medhurst, Labadie and Gottlieb",1.1407453265812635e-06
"job_Teacher, early years/pre",1.1372032380296629e-06
merchant_fraud_Harris Group,1.1363906233454304e-06
zip_29170,1.1358959510346697e-06
merchant_fraud_Torp-Labadie,1.13020944976093e-06
zip_29061,1.1210150631814004e-06
merchant_fraud_Smitham-Boehm,1.1179629924487379e-06
job_Acupuncturist,1.1150548994128435e-06
city_Wilton,1.1090856208735909e-06
zip_53186,1.1054106540553425e-06
zip_56729,1.0952244610019253e-06
job_Charity fundraiser,1.0936394427174618e-06
merchant_fraud_Botsford Ltd,1.0915026186648214e-06
merchant_fraud_Jast and Sons,1.0910155525818173e-06
zip_5461,1.0895896107432842e-06
city_Redford,1.0878712263357285e-06
job_Horticultural therapist,1.0852785032449489e-06
city_O Brien,1.07724569944708e-06
zip_32935,1.072159419093189e-06
"merchant_fraud_Daugherty, Pouros and Beahan",1.0694007524002735e-06
"job_Editor, film/video",1.0674041133879076e-06
job_Product/process development scientist,1.0658660485805703e-06
city_Brantley,1.0646684444070028e-06
job_Chief Technology Officer,1.0506418690187587e-06
city_Sula,1.047316561597501e-06
zip_49826,1.0461757411059708e-06
job_Operational researcher,1.0459671333675737e-06
merchant_fraud_Abbott-Rogahn,1.0348357768878275e-06
city_Milwaukee,1.0319095330260018e-06
merchant_fraud_Cruickshank-Mills,1.026245623942871e-06
zip_35651,1.0203602131332023e-06
zip_54654,1.0200717406596292e-06
zip_26292,1.019292990976353e-06
merchant_fraud_Kilback Group,1.013268839698127e-06
city_Winfield,1.00351410140939e-06
city_Rumely,9.892076555181213e-07
city_Coleharbor,9.88570312875211e-07
"job_Engineer, aeronautical",9.80674928628041e-07
zip_16421,9.79757717679681e-07
job_Museum/gallery conservator,9.758673073030605e-07
city_Spearsville,9.714762007496292e-07
zip_72529,9.660936265325856e-07
merchant_fraud_Dicki Ltd,9.627917680141185e-07
zip_5486,9.616412157585927e-07
zip_72513,9.399840079987766e-07
zip_93627,9.38439389917315e-07
city_Stanchfield,9.343663441507189e-07
zip_39572,9.333613851815629e-07
"merchant_fraud_Metz, Russel and Metz",9.328121190886738e-07
zip_3858,9.256140529445256e-07
job_Building control surveyor,9.211217064205619e-07
city_Athena,9.067345419340856e-07
city_Harper,9.0537965732414e-07
zip_58769,8.997907120768787e-07
"merchant_fraud_Pouros, Walker and Spencer",8.983747584413667e-07
"job_Producer, radio",8.964405272878972e-07
merchant_fraud_Hills-Boyer,8.803191419779867e-07
city_Cuyahoga Falls,8.803105941492579e-07
city_Clay Center,8.739012821627671e-07
city_Tomahawk,8.734738371105791e-07
"merchant_fraud_Schumm, McLaughlin and Carter",8.714580147853793e-07
city_Phil Campbell,8.687260558527013e-07
merchant_fraud_Hackett Group,8.67033491106345e-07
zip_70062,8.644642372561797e-07
merchant_fraud_Mante Group,8.602733703548476e-07
merchant_fraud_Skiles-Ankunding,8.484115045616975e-07
merchant_fraud_Erdman-Kertzmann,8.459518466353722e-07
zip_49632,8.446349913965958e-07
city_Red River,8.365922501767415e-07
zip_82936,8.348664561259638e-07
"merchant_fraud_Roberts, Daniel and Macejkovic",8.31034040616622e-07
"merchant_fraud_McLaughlin, Armstrong and Koepp",8.304657851176294e-07
zip_67232,8.114793032878096e-07
city_Cape Coral,8.055190609316931e-07
merchant_fraud_Johns Inc,8.001486274536503e-07
city_Harrodsburg,7.869697596924325e-07
city_Scotland,7.829303667758221e-07
zip_76678,7.827222507131564e-07
merchant_fraud_O'Keefe-Wisoky,7.799438071410717e-07
city_Shippingport,7.748364060378985e-07
merchant_fraud_Berge-Ullrich,7.675757519283333e-07
city_Bronx,7.639191104646676e-07
merchant_fraud_Wisozk and Sons,7.621806667864459e-07
city_Greendale,7.605823008343092e-07
merchant_fraud_Tillman LLC,7.59130060763506e-07
merchant_fraud_Luettgen PLC,7.572485988501645e-07
zip_23106,7.535681140841754e-07
city_Saint Petersburg,7.452045175736907e-07
city_Kilgore,7.426613030239772e-07
"merchant_fraud_Eichmann, Bogan and Rodriguez",7.380336590682192e-07
city_Shedd,7.366087508739256e-07
city_Collegeville,7.317790171975767e-07
merchant_fraud_Shields Inc,7.282599764314314e-07
city_Harrington Park,7.273640829158094e-07
zip_59714,7.207188631058149e-07
"merchant_fraud_Lehner, Reichert and Mills",7.180440551681212e-07
zip_45106,7.069395650742828e-07
merchant_fraud_Heller-Abshire,7.03307845563045e-07
city_Delhi,6.934435116578113e-07
merchant_fraud_Spencer PLC,6.924304923872722e-07
city_Moro,6.919213667702064e-07
zip_74633,6.827419284292196e-07
merchant_fraud_Hermann and Sons,6.809531714243036e-07
"merchant_fraud_Quitzon, Green and Bashirian",6.777014788854198e-07
zip_29436,6.733425566973822e-07
merchant_fraud_Hoppe-Parisian,6.529810281987773e-07
merchant_fraud_Beier LLC,6.50266211543396e-07
zip_77379,6.433542634193817e-07
merchant_fraud_Friesen-Stamm,6.394091203955433e-07
"merchant_fraud_McCullough, Hudson and Schuster",6.388855846035833e-07
city_Laramie,6.387004458526659e-07
merchant_fraud_Hudson-Grady,6.367674924333997e-07
city_Newton,6.346762605583078e-07
merchant_fraud_Berge LLC,6.310818803439911e-07
city_North Augusta,6.281804646111251e-07
merchant_fraud_Kling-Ernser,6.250641162928268e-07
zip_57374,6.167183119731424e-07
zip_32784,6.164715761214042e-07
merchant_fraud_Abernathy and Sons,6.152999166540837e-07
city_Hopkins,6.139738118134307e-07
"merchant_fraud_Nitzsche, Kessler and Wolff",6.111734768057551e-07
city_Pueblo,6.08671955068066e-07
merchant_fraud_Torphy-Goyette,6.003982310811862e-07
"merchant_fraud_Schaefer, Maggio and Daugherty",5.941957861771908e-07
city_Clearwater,5.92044756443417e-07
zip_3753,5.920380428337628e-07
zip_57439,5.915804921664064e-07
zip_44902,5.856477515217985e-07
zip_90250,5.780776182680538e-07
"merchant_fraud_Terry, Johns and Bins",5.728688377927637e-07
city_Boulder,5.681157322480614e-07
"merchant_fraud_Lesch, D'Amore and Brown",5.671279837845497e-07
zip_4364,5.533243756036302e-07
"merchant_fraud_Lowe, Dietrich and Erdman",5.450415003116461e-07
merchant_fraud_Jaskolski-Vandervort,5.376151807738925e-07
zip_82711,5.359540214952622e-07
city_Humble,5.346816950577073e-07
city_Laredo,5.267665040604516e-07
merchant_fraud_Kemmer-Buckridge,5.266802936174473e-07
job_Hydrographic surveyor,5.23587630277643e-07
job_Neurosurgeon,5.18442615478693e-07
merchant_fraud_Corwin-Gorczany,5.181221174040852e-07
merchant_fraud_Kutch Group,4.992466575023711e-07
city_Oakland,4.951846732645869e-07
merchant_fraud_Rau-Grant,4.933769497265088e-07
merchant_fraud_Cartwright PLC,4.915211914093624e-07
"merchant_fraud_Rutherford, Homenick and Bergstrom",4.853467747327262e-07
"job_Conservation officer, historic buildings",4.787485371063502e-07
zip_78040,4.761433782310285e-07
merchant_fraud_Upton PLC,4.7361705182664844e-07
zip_88325,4.7002833858909637e-07
zip_76834,4.69484513644418e-07
job_Production engineer,4.6455685841267266e-07
zip_28117,4.502217569628613e-07
job_Paediatric nurse,4.500593102610321e-07
city_Scotia,4.421776512644143e-07
merchant_fraud_Dooley Inc,4.4176176243795187e-07
zip_33417,4.362864525554589e-07
city_Corriganville,4.3611006751174775e-07
"merchant_fraud_Runolfsdottir, Mueller and Hand",4.3069025041181975e-07
merchant_fraud_Kutch-Hegmann,4.235700032979607e-07
"merchant_fraud_Bins, Balistreri and Beatty",4.2243608545395005e-07
city_Wales,4.222943753986744e-07
zip_56549,4.187442293937587e-07
job_Chartered accountant,4.174205106060052e-07
city_Heiskell,4.160676233512495e-07
merchant_fraud_Jakubowski Inc,4.143938060553057e-07
"job_Nurse, children's",4.052025908910424e-07
merchant_fraud_Kilback and Sons,4.0120970146533555e-07
zip_53120,3.9998872688614767e-07
zip_18103,3.9735523967790026e-07
merchant_fraud_Bernhard Inc,3.9722909787874446e-07
zip_24970,3.842279962392352e-07
zip_76951,3.805395520286679e-07
merchant_fraud_Wiza LLC,3.7939430398199304e-07
merchant_fraud_Pouros-Haag,3.763282828005787e-07
merchant_fraud_Yost-Rogahn,3.7595037402415384e-07
city_Oconto Falls,3.7577588854093055e-07
zip_49628,3.6780275218974584e-07
merchant_fraud_Stark-Koss,3.6495328625049835e-07
zip_33470,3.6034545590186647e-07
job_Local government officer,3.600489918046574e-07
job_Medical technical officer,3.5919943787295206e-07
merchant_fraud_Ullrich Ltd,3.5357609002626424e-07
"job_Programmer, applications",3.5323989292493905e-07
merchant_fraud_Heaney-Marquardt,3.526439481946436e-07
city_Rochester,3.5161554241350745e-07
merchant_fraud_Abshire PLC,3.474686473843076e-07
"merchant_fraud_Conroy, Balistreri and Gorczany",3.455466476233806e-07
"merchant_fraud_Champlin, Rolfson and Connelly",3.425692724741153e-07
city_Plantersville,3.3717006075375413e-07
city_Brooklyn,3.3437612686142704e-07
city_Parker,3.252442667684949e-07
zip_80824,3.234623665285309e-07
city_North Wilkesboro,3.2130697759459225e-07
zip_55001,3.1774701107417743e-07
city_Rosewood,3.16522408941198e-07
zip_48043,3.1507673507789093e-07
merchant_fraud_Schmeler-Howe,3.142611889834811e-07
city_Scarborough,3.104181893562064e-07
zip_15432,3.0948410370121114e-07
"job_Engineer, communications",3.067914834687275e-07
job_Maintenance engineer,3.0361710613338953e-07
zip_4953,3.019209514174225e-07
merchant_fraud_Feil-Morar,2.9966986178396876e-07
city_Westfir,2.972235068788889e-07
city_Blairsden-Graeagle,2.9178874975765176e-07
city_Hills,2.7849402223712675e-07
"merchant_fraud_Ferry, Lynch and Kautzer",2.715842888398366e-07
"merchant_fraud_Turner, Ruecker and Parisian",2.6708509837331484e-07
city_Egan,2.6511212830825664e-07
city_Leo,2.6405803344087605e-07
city_Lawn,2.626711073619681e-07
merchant_fraud_Dickinson-Rempel,2.610195117561057e-07
zip_53801,2.60811198974156e-07
zip_11217,2.573120252872797e-07
city_Falmouth,2.545620090203113e-07
city_Meredith,2.5306773655092094e-07
merchant_fraud_Altenwerth-Kilback,2.450161012657887e-07
"merchant_fraud_Brown, Homenick and Lesch",2.397078191210148e-07
merchant_fraud_Fadel Inc,2.36651562940718e-07
zip_36869,2.3021356421223605e-07
zip_3601,2.2800996435284858e-07
merchant_fraud_Breitenberg-Hermiston,2.1934685825065576e-07
merchant_fraud_Corwin-Collins,2.162974538690776e-07
"job_Engineer, electronics",2.1212533227272183e-07
job_Rural practice surveyor,2.1080218522484174e-07
zip_82190,2.0893024589804545e-07
merchant_fraud_Parker-Kunde,2.0815245986964298e-07
zip_63565,2.0792214073792743e-07
zip_15829,2.0714789218380104e-07
"merchant_fraud_Kling, Howe and Schneider",2.0501201529374754e-07
city_Lolita,2.0449884115787457e-07
job_Glass blower/designer,1.977547436492039e-07
merchant_fraud_Fritsch LLC,1.9669936691914302e-07
city_Whaleyville,1.9499422890652707e-07
city_Loxahatchee,1.9303329799228613e-07
city_Breesport,1.927954270653678e-07
zip_45801,1.9158503730083424e-07
zip_10463,1.830159488808938e-07
"merchant_fraud_Torp, Muller and Borer",1.827442365409642e-07
zip_8014,1.7964149513982072e-07
zip_45307,1.7411679618034911e-07
"job_Teacher, primary school",1.733083658682636e-07
zip_67216,1.7034737380395151e-07
city_Beasley,1.6932013874824636e-07
zip_63010,1.6435202772285716e-07
"merchant_fraud_McDermott, Osinski and Morar",1.5215157897898602e-07
merchant_fraud_Morissette-Schaefer,1.5205440867090797e-07
zip_16314,1.510267802972883e-07
city_Hahira,1.4768973079906594e-07
zip_68638,1.475526257971914e-07
city_Lonetree,1.4711628952178815e-07
job_Web designer,1.4436592255589668e-07
zip_81642,1.438176056141441e-07
job_Statistician,1.401203751475969e-07
merchant_fraud_Hermann-Gaylord,1.358939318938212e-07
city_Ruth,1.3578100182068453e-07
"merchant_fraud_Schaefer, McGlynn and Bosco",1.343345130229351e-07
zip_49440,1.3201042131620653e-07
merchant_fraud_Friesen Ltd,1.3128637745662137e-07
job_Environmental education officer,1.3066642469420445e-07
zip_33844,1.2998645889447707e-07
job_Primary school teacher,1.2624355305593996e-07
job_Intelligence analyst,1.2363318767619717e-07
city_Amanda,1.2179866240748347e-07
zip_17058,1.2163470377965102e-07
"merchant_fraud_Armstrong, Walter and Gottlieb",1.2122948157764468e-07
merchant_fraud_Schuppe LLC,1.1587343392075475e-07
merchant_fraud_Kuhn Group,1.1559683523435489e-07
city_Mendon,1.1260390362521803e-07
merchant_fraud_Leffler-Goldner,1.1258163187388576e-07
city_Webster City,1.1218958667001172e-07
zip_67556,1.1170740284086058e-07
city_Union,1.1152509889940102e-07
job_Farm manager,1.107817112808611e-07
merchant_fraud_Gibson-Deckow,1.0729359351935607e-07
job_Museum education officer,9.56293652058979e-08
city_Spencer,9.423297683914564e-08
zip_66941,9.278381487111522e-08
zip_44483,9.16711229489165e-08
zip_6441,8.947005400658133e-08
zip_25213,8.724342234940573e-08
merchant_fraud_Baumbach Ltd,8.514914982935323e-08
zip_31561,8.498244283459821e-08
merchant_fraud_Friesen-D'Amore,7.068948047704406e-08
city_Springfield Gardens,7.050068198498219e-08
zip_43160,6.864796878550798e-08
job_Equality and diversity officer,6.780246599448408e-08
merchant_fraud_Padberg-Rogahn,6.2797924481615e-08
merchant_fraud_Dibbert and Sons,6.261877486923111e-08
city_Bowersville,6.125400558359673e-08
"job_Producer, television/film/video",5.726435202475095e-08
"merchant_fraud_Schroeder, Hauck and Treutel",5.662675595168024e-08
"merchant_fraud_Hauck, Dietrich and Funk",5.5494861138492164e-08
merchant_fraud_Kihn-Schuster,5.43111249586217e-08
"merchant_fraud_Hermiston, Pacocha and Smith",5.362927097859138e-08
city_Karnack,5.2942144866872244e-08
zip_83120,4.925001918411831e-08
merchant_fraud_Ortiz Group,4.9081582127430596e-08
city_Mount Hope,4.729192204087494e-08
city_Shenandoah Junction,4.7195023346451554e-08
zip_17041,4.584976398499565e-08
job_Interior and spatial designer,4.5605479481747124e-08
city_Port Richey,4.504931415121623e-08
city_Altair,4.142621904431131e-08
merchant_fraud_Keeling-Crist,4.0615161944013394e-08
city_Center Tuftonboro,3.9739515247318676e-08
"merchant_fraud_Langosh, Wintheiser and Hyatt",3.9360501029347654e-08
"merchant_fraud_Tillman, Fritsch and Schmitt",3.902718080520307e-08
merchant_fraud_Waters-Cruickshank,3.4489053177053456e-08
merchant_fraud_Emard Inc,3.3779728216675714e-08
city_Lawrence,2.689456684115521e-08
merchant_fraud_Bins-Howell,2.656207865561209e-08
city_Cass,2.501300016862045e-08
city_Armagh,2.3385326868702947e-08
"job_Embryologist, clinical",2.145903622808627e-08
job_Volunteer coordinator,2.017152248305439e-08
zip_29209,1.9985036098247002e-08
city_Prairie Hill,1.7952034278901505e-08
city_Brunson,1.7800339828854372e-08
city_Margaretville,1.757899448277905e-08
job_Outdoor activities/education manager,1.7336522764446872e-08
merchant_fraud_Zulauf LLC,1.6934378490272182e-08
zip_14510,1.6910152126077184e-08
job_Animator,1.6413667231071733e-08
zip_84540,1.6292620191137534e-08
"merchant_fraud_Turcotte, McKenzie and Koss",1.4897379979820867e-08
merchant_fraud_Weber and Sons,1.4503710374364577e-08
zip_48206,1.4220212068986252e-08
zip_84002,1.1760385430177621e-08
merchant_fraud_Bauch-Blanda,1.0709700755477828e-08
zip_67635,1.0426497396051501e-08
zip_39113,1.039317605596694e-08
job_Broadcast engineer,9.907828394976238e-09
"merchant_fraud_Denesik, Powlowski and Pouros",9.58814265610861e-09
merchant_fraud_Rempel Inc,9.273101481371584e-09
city_Spring Church,8.901896115861813e-09
"merchant_fraud_Walter, Hettinger and Kessler",8.456246307262148e-09
zip_54896,7.516061713465643e-09
"merchant_fraud_Lockman, West and Runte",5.787846314636827e-09
zip_41810,4.944393345556873e-09
city_Falconer,4.329260373233604e-09
zip_20895,3.0069722554659953e-09
"merchant_fraud_Greenholt, O'Hara and Balistreri",2.9314030661242463e-09
merchant_fraud_Doyle Ltd,2.7516071983083686e-09
zip_22213,2.5535864606460248e-09
city_Port Saint Lucie,2.397947792591286e-09
"job_Psychologist, clinical",1.940292980187416e-09
zip_87533,4.257508487927457e-10
city_Mc Veytown,0.0
city_Mc Cracken,0.0
city_Mc Clellandtown,0.0
city_May,0.0
city_Matawan,0.0
city_Marion,0.0
city_Marietta,0.0
city_Marienville,0.0
city_New Waverly,0.0
city_New Memphis,0.0
city_New Goshen,0.0
city_New Ellenton,0.0
city_Nelson,0.0
city_Nazareth,0.0
city_North Tonawanda,0.0
city_North Loup,0.0
city_North Las Vegas,0.0
city_North Haverhill,0.0
city_North Brookfield,0.0
city_Nokomis,0.0
city_Newport,0.0
city_Old Hickory,0.0
city_Oklahoma City,0.0
city_Oaks,0.0
city_Oakford,0.0
city_Notrees,0.0
city_Norwalk,0.0
city_Marathon,0.0
city_Manor,0.0
city_Manderson,0.0
city_Manchester,0.0
city_Malad City,0.0
city_Luzerne,0.0
city_Lubbock,0.0
city_Palermo,0.0
city_Paint Rock,0.0
city_Ozawkie,0.0
city_Oxford,0.0
city_Orr,0.0
city_Orangeburg,0.0
city_Oran,0.0
city_Omaha,0.0
city_Olmsted,0.0
city_Ollie,0.0
city_Pembroke,0.0
city_Pecos,0.0
city_Pearlington,0.0
city_Payson,0.0
city_Paxton,0.0
city_Paulding,0.0
city_Parks,0.0
city_Parkers Lake,0.0
city_Parker Dam,0.0
city_Paris,0.0
city_Palmyra,0.0
city_Lowville,0.0
city_Louisiana,0.0
city_Los Angeles,0.0
city_Logan,0.0
city_Loami,0.0
city_Pittsburgh,0.0
city_Pikesville,0.0
city_Pewee Valley,0.0
city_Lithopolis,0.0
city_Lima,0.0
city_Liberty Mills,0.0
city_Lepanto,0.0
city_Lebanon,0.0
city_Putnam,0.0
city_Providence,0.0
city_Premier,0.0
city_Prairie Creek,0.0
city_Powell Butte,0.0
city_Powell,0.0
city_Rhame,0.0
city_Republic,0.0
city_Red Cliff,0.0
city_Ravenna,0.0
city_Randolph,0.0
city_Ragland,0.0
city_Queenstown,0.0
city_Lamy,0.0
city_Lakeview,0.0
city_Lagrange,0.0
city_Knowlesville,0.0
city_Kittery Point,0.0
city_Kissee Mills,0.0
city_Kirtland Afb,0.0
city_Rockwood,0.0
city_Rockwell,0.0
city_Rock Glen,0.0
city_Riverview,0.0
city_River,0.0
city_Ringwood,0.0
city_Saint Louis,0.0
city_Saint Francis,0.0
city_Saint Bonaventure,0.0
city_Rule,0.0
city_Ruckersville,0.0
city_Roseland,0.0
city_Kirtland,0.0
city_Kirk,0.0
city_Kingsville,0.0
city_Kingsport,0.0
city_Kings Bay,0.0
city_Kent,0.0
city_Kensington,0.0
city_Keller,0.0
city_Schaefferstown,0.0
city_Saxon,0.0
city_San Jose,0.0
city_San Angelo,0.0
city_Skytop,0.0
city_Shelter Island,0.0
city_Sheffield,0.0
city_Sea Island,0.0
city_June Lake,0.0
city_Juliette,0.0
city_Jordanville,0.0
city_Jordan Valley,0.0
city_Joliet,0.0
city_Jermyn,0.0
city_Jelm,0.0
city_Jefferson,0.0
city_Iselin,0.0
city_Spring,0.0
city_South Londonderry,0.0
city_South Hero,0.0
city_Sontag,0.0
city_Smock,0.0
city_Smithfield,0.0
city_Slayden,0.0
city_Summerfield,0.0
city_Sturgis,0.0
city_Stoneham,0.0
city_Stittville,0.0
city_Stillwater,0.0
city_Sterling City,0.0
city_Stephensport,0.0
city_Irwinton,0.0
city_Irvine,0.0
city_Ironton,0.0
city_Indian Wells,0.0
city_Independence,0.0
city_Iliff,0.0
city_Huslia,0.0
city_Hurricane,0.0
city_Hurley,0.0
city_Huntington Beach,0.0
city_Humboldt,0.0
city_Howes Cave,0.0
city_Thornville,0.0
city_Thompson,0.0
city_Texarkana,0.0
city_Tampa,0.0
city_Tamaroa,0.0
city_Tallmansville,0.0
city_Syracuse,0.0
city_Surrency,0.0
city_Sunflower,0.0
city_Tyler,0.0
city_Tyaskin,0.0
city_Tuscarora,0.0
city_Tryon,0.0
city_Tower Hill,0.0
city_Tiptonville,0.0
city_Timberville,0.0
city_Tickfaw,0.0
city_Howells,0.0
city_Hovland,0.0
city_Hopewell,0.0
city_Holstein,0.0
city_High Rolls Mountain Park,0.0
city_Vinton,0.0
city_Vienna,0.0
city_Vanderbilt,0.0
city_Vancouver,0.0
city_Valentine,0.0
city_Unionville,0.0
city_Higganum,0.0
city_Hewitt,0.0
city_Henderson,0.0
city_Helm,0.0
city_Heidelberg,0.0
city_Hedrick,0.0
city_Hedley,0.0
city_Hazel,0.0
city_Haynes,0.0
zip_52768,0.0
zip_52760,0.0
zip_52658,0.0
zip_52576,0.0
zip_52572,0.0
zip_52563,0.0
zip_51632,0.0
zip_5155,0.0
zip_51521,0.0
zip_53129,0.0
zip_54499,0.0
zip_54487,0.0
city_Armonk,0.0
zip_54418,0.0
zip_54154,0.0
city_Arvada,0.0
zip_53228,0.0
city_Ash Flat,0.0
city_Ashfield,0.0
city_Ashford,0.0
zip_55606,0.0
zip_55428,0.0
zip_55403,0.0
zip_55128,0.0
zip_55080,0.0
zip_55065,0.0
city_Atglen,0.0
city_Atlantic,0.0
city_Aurora,0.0
city_Apison,0.0
city_Avera,0.0
city_Amorita,0.0
city_American Fork,0.0
city_Avoca,0.0
city_Alva,0.0
city_Altonah,0.0
city_Altona,0.0
city_Alton,0.0
zip_49879,0.0
city_Allenhurst,0.0
city_Alexandria,0.0
zip_50073,0.0
zip_56592,0.0
zip_50314,0.0
zip_50421,0.0
zip_50469,0.0
zip_56321,0.0
zip_56138,0.0
zip_56117,0.0
zip_56068,0.0
zip_56029,0.0
city_Aledo,0.0
city_Alder,0.0
city_Albuquerque,0.0
city_Albany,0.0
zip_50527,0.0
city_Achille,0.0
zip_50535,0.0
merchant_fraud_Zboncak Ltd,0.0
zip_50595,0.0
zip_58259,0.0
zip_58015,0.0
zip_57756,0.0
zip_57732,0.0
zip_57717,0.0
zip_50664,0.0
zip_51003,0.0
zip_48371,0.0
zip_48636,0.0
zip_57036,0.0
zip_60913,0.0
zip_60432,0.0
zip_6024,0.0
zip_60091,0.0
zip_60072,0.0
zip_48706,0.0
zip_48850,0.0
zip_59710,0.0
zip_59632,0.0
zip_49101,0.0
zip_49259,0.0
zip_49613,0.0
zip_47515,0.0
zip_47863,0.0
merchant_fraud_Wuckert-Walter,0.0
zip_47869,0.0
"merchant_fraud_Wuckert, Wintheiser and Friesen",0.0
zip_48088,0.0
zip_48193,0.0
zip_48202,0.0
zip_62424,0.0
zip_62360,0.0
zip_62266,0.0
zip_62262,0.0
zip_62075,0.0
zip_62067,0.0
zip_62023,0.0
zip_61560,0.0
zip_61477,0.0
zip_63388,0.0
zip_63353,0.0
zip_63336,0.0
zip_63131,0.0
zip_63021,0.0
zip_48221,0.0
zip_62970,0.0
zip_62935,0.0
zip_62926,0.0
zip_62888,0.0
zip_62856,0.0
zip_62673,0.0
city_Bailey,0.0
zip_62661,0.0
city_Barneveld,0.0
merchant_fraud_Wiegand-Lowe,0.0
city_Barnstable,0.0
city_Baroda,0.0
city_Basye,0.0
"merchant_fraud_Watsica, Haag and Considine",0.0
merchant_fraud_Watsica LLC,0.0
city_Beaver Falls,0.0
zip_6444,0.0
zip_46143,0.0
zip_4616,0.0
zip_64058,0.0
zip_63867,0.0
zip_63829,0.0
zip_46290,0.0
zip_63533,0.0
zip_46366,0.0
zip_66618,0.0
zip_66616,0.0
zip_66070,0.0
zip_66020,0.0
zip_65680,0.0
zip_65354,0.0
zip_65072,0.0
zip_64874,0.0
zip_64726,0.0
zip_64686,0.0
zip_64659,0.0
merchant_fraud_Waelchi Inc,0.0
merchant_fraud_VonRueden Group,0.0
zip_46946,0.0
zip_47032,0.0
city_Beaverdam,0.0
city_Belfast,0.0
city_Belgrade,0.0
city_Belle Fourche,0.0
city_Belmond,0.0
zip_68463,0.0
zip_68403,0.0
zip_68117,0.0
city_Benton,0.0
zip_67584,0.0
city_Bethel,0.0
zip_67545,0.0
zip_67529,0.0
city_Bethel Springs,0.0
city_Big Creek,0.0
zip_67038,0.0
city_Big Indian,0.0
zip_70003,0.0
zip_69201,0.0
city_Bigelow,0.0
zip_68961,0.0
zip_68932,0.0
zip_68881,0.0
zip_68869,0.0
zip_68859,0.0
zip_68723,0.0
zip_68641,0.0
city_Blackville,0.0
zip_68626,0.0
zip_71960,0.0
zip_71854,0.0
zip_71832,0.0
zip_71291,0.0
zip_71277,0.0
zip_71232,0.0
zip_70732,0.0
zip_45051,0.0
zip_70466,0.0
zip_45342,0.0
zip_4555,0.0
merchant_fraud_Treutel-King,0.0
merchant_fraud_Trantow PLC,0.0
zip_45638,0.0
zip_45808,0.0
merchant_fraud_Towne LLC,0.0
merchant_fraud_Torphy-Kertzmann,0.0
zip_45879,0.0
merchant_fraud_Torp-Lemke,0.0
zip_45896,0.0
zip_43903,0.0
zip_44265,0.0
zip_72959,0.0
zip_44804,0.0
zip_72524,0.0
zip_44857,0.0
zip_42211,0.0
zip_72341,0.0
zip_4226,0.0
zip_72059,0.0
zip_42273,0.0
zip_74555,0.0
zip_74536,0.0
zip_42634,0.0
zip_74131,0.0
zip_74130,0.0
zip_74074,0.0
zip_74047,0.0
zip_73719,0.0
zip_73624,0.0
zip_73559,0.0
zip_73134,0.0
zip_42731,0.0
merchant_fraud_Thompson-Gleason,0.0
zip_4286,0.0
merchant_fraud_Thiel Ltd,0.0
merchant_fraud_Terry-Huel,0.0
zip_43070,0.0
zip_43076,0.0
"merchant_fraud_Swaniawski, Nitzsche and Welch",0.0
"merchant_fraud_Swaniawski, Lowe and Robel",0.0
"merchant_fraud_Swaniawski, Bahringer and Ledner",0.0
zip_43136,0.0
zip_75858,0.0
city_Bonfield,0.0
zip_75662,0.0
zip_75661,0.0
zip_75238,0.0
zip_75236,0.0
city_Boonton,0.0
zip_74875,0.0
zip_74720,0.0
city_Boyd,0.0
city_Brainard,0.0
zip_40170,0.0
"merchant_fraud_Stokes, Christiansen and Sipes",0.0
merchant_fraud_Stiedemann Ltd,0.0
zip_40209,0.0
zip_40336,0.0
zip_4074,0.0
zip_40820,0.0
zip_76665,0.0
zip_76631,0.0
zip_76626,0.0
zip_76566,0.0
zip_76443,0.0
zip_40914,0.0
zip_41254,0.0
zip_76248,0.0
zip_76240,0.0
zip_76008,0.0
zip_7764,0.0
zip_77566,0.0
zip_7747,0.0
zip_77417,0.0
zip_42049,0.0
zip_3905,0.0
zip_77338,0.0
zip_7711,0.0
zip_39439,0.0
zip_39769,0.0
zip_39840,0.0
zip_76905,0.0
zip_76857,0.0
zip_79548,0.0
zip_79539,0.0
zip_79413,0.0
zip_79252,0.0
zip_79237,0.0
zip_79085,0.0
zip_40062,0.0
city_Brashear,0.0
city_Bridgeport,0.0
city_Bristow,0.0
city_Brooklin,0.0
city_Broomfield,0.0
city_Browning,0.0
city_Bryant,0.0
zip_37849,0.0
zip_38079,0.0
zip_3816,0.0
zip_3818,0.0
zip_38315,0.0
zip_38740,0.0
zip_81005,0.0
zip_80951,0.0
zip_38778,0.0
zip_80736,0.0
zip_80436,0.0
zip_38922,0.0
zip_80138,0.0
zip_80021,0.0
zip_80014,0.0
zip_80005,0.0
zip_79906,0.0
zip_79772,0.0
zip_38949,0.0
zip_36758,0.0
zip_36775,0.0
zip_36853,0.0
zip_37040,0.0
zip_37132,0.0
zip_8323,0.0
zip_37138,0.0
zip_37165,0.0
zip_37302,0.0
zip_82221,0.0
zip_37663,0.0
zip_3774,0.0
zip_35554,0.0
zip_81649,0.0
zip_35581,0.0
zip_86018,0.0
zip_35764,0.0
zip_35803,0.0
zip_84735,0.0
zip_84532,0.0
zip_84325,0.0
zip_84087,0.0
zip_84003,0.0
"merchant_fraud_Bernier, Streich and Jewess",0.0
zip_35811,0.0
zip_35903,0.0
zip_36009,0.0
zip_36111,0.0
zip_36532,0.0
city_Burns Flat,0.0
city_Bynum,0.0
merchant_fraud_Sawayn PLC,0.0
merchant_fraud_Satterfield-Lowe,0.0
city_Campbell,0.0
zip_89084,0.0
city_Canton,0.0
zip_8830,0.0
zip_87558,0.0
zip_87540,0.0
merchant_fraud_Bednar Inc,0.0
zip_87313,0.0
zip_87117,0.0
zip_87116,0.0
zip_87109,0.0
zip_87035,0.0
zip_86329,0.0
zip_92267,0.0
zip_92210,0.0
city_Cardwell,0.0
zip_92101,0.0
zip_91711,0.0
zip_90650,0.0
city_Carlisle,0.0
zip_90014,0.0
zip_89704,0.0
zip_89319,0.0
city_Carroll,0.0
merchant_fraud_Bednar PLC,0.0
merchant_fraud_Runolfsson and Sons,0.0
zip_34120,0.0
zip_34668,0.0
zip_34953,0.0
zip_35131,0.0
merchant_fraud_Romaguera Ltd,0.0
city_Cassatt,0.0
city_Cecilton,0.0
zip_94619,0.0
merchant_fraud_Auer-Mosciski,0.0
city_Cherokee Village,0.0
city_Chester,0.0
city_Chester Heights,0.0
zip_93529,0.0
zip_92882,0.0
zip_92648,0.0
zip_92637,0.0
zip_33760,0.0
"merchant_fraud_Rohan, White and Aufderhar",0.0
zip_33809,0.0
"merchant_fraud_Ritchie, Bradtke and Stiedemann",0.0
zip_31329,0.0
merchant_fraud_Barton Inc,0.0
zip_31547,0.0
zip_97033,0.0
zip_96136,0.0
zip_31563,0.0
zip_96103,0.0
zip_31567,0.0
zip_96037,0.0
zip_95842,0.0
zip_31632,0.0
zip_95629,0.0
zip_32044,0.0
zip_32442,0.0
merchant_fraud_Reichert-Weissnat,0.0
city_Claremont,0.0
city_Clarinda,0.0
city_Clarksville,0.0
city_Clayton,0.0
zip_97910,0.0
zip_97813,0.0
zip_97753,0.0
zip_97492,0.0
zip_97375,0.0
merchant_fraud_Ratke and Sons,0.0
city_Clifton,0.0
city_Clune,0.0
merchant_fraud_Prosacco LLC,0.0
city_Coffeeville,0.0
city_Cokeburg,0.0
city_Coleman,0.0
zip_29817,0.0
merchant_fraud_Pfeffer and Sons,0.0
merchant_fraud_Pfeffer LLC,0.0
merchant_fraud_Paucek-Wiza,0.0
zip_29860,0.0
zip_29911,0.0
zip_29939,0.0
job_Academic librarian,0.0
zip_99113,0.0
zip_98836,0.0
zip_98304,0.0
zip_30257,0.0
zip_30426,0.0
zip_30803,0.0
zip_31042,0.0
merchant_fraud_Padberg-Sauer,0.0
zip_31046,0.0
zip_31092,0.0
merchant_fraud_Pacocha-O'Reilly,0.0
merchant_fraud_Pacocha-Bauch,0.0
merchant_fraud_Bartoletti and Sons,0.0
"merchant_fraud_Okuneva, Schneider and Rau",0.0
job_Ambulance person,0.0
zip_28901,0.0
job_Air cabin crew,0.0
job_Air broker,0.0
job_Aid worker,0.0
zip_29032,0.0
job_Advertising copywriter,0.0
zip_2908,0.0
"job_Administrator, arts",0.0
zip_29081,0.0
zip_29105,0.0
merchant_fraud_Bahringer-Streich,0.0
zip_29324,0.0
zip_29661,0.0
zip_27249,0.0
merchant_fraud_Nienow PLC,0.0
"merchant_fraud_Nicolas, Hills and McGlynn",0.0
zip_27358,0.0
zip_27807,0.0
job_Arts development officer,0.0
job_Artist,0.0
job_Art gallery manager,0.0
merchant_fraud_Bahringer-Larson,0.0
zip_27837,0.0
job_Analytical chemist,0.0
zip_28314,0.0
job_Building services engineer,0.0
zip_28372,0.0
merchant_fraud_Bahringer Group,0.0
job_Bookseller,0.0
job_Biomedical engineer,0.0
"job_Biochemist, clinical",0.0
job_Barista,0.0
job_Associate Professor,0.0
zip_28611,0.0
city_Collettsville,0.0
"merchant_fraud_Morissette, Weber and Wiegand",0.0
city_Colorado Springs,0.0
city_Colton,0.0
city_Columbia,0.0
city_Comfort,0.0
city_Comfrey,0.0
"merchant_fraud_Monahan, Hermann and Johns",0.0
city_Cord,0.0
city_Corona,0.0
city_Corsica,0.0
merchant_fraud_Medhurst PLC,0.0
city_Cowlesville,0.0
merchant_fraud_McGlynn-Jaskolski,0.0
zip_24878,0.0
"job_Chemist, analytical",0.0
job_Chartered legal executive (England and Wales),0.0
zip_24927,0.0
job_Charity officer,0.0
zip_24983,0.0
job_Catering manager,0.0
zip_24986,0.0
job_Cabin crew,0.0
job_Clinical psychologist,0.0
job_Clinical cytogeneticist,0.0
job_Clinical biochemist,0.0
job_Civil Service administrator,0.0
job_Chief of Staff,0.0
zip_25049,0.0
job_Chief Operating Officer,0.0
job_Chief Marketing Officer,0.0
zip_25106,0.0
zip_25832,0.0
zip_26237,0.0
merchant_fraud_McCullough LLC,0.0
merchant_fraud_Mayert Group,0.0
zip_2630,0.0
"merchant_fraud_Mante, Luettgen and Hackett",0.0
zip_26339,0.0
zip_22810,0.0
zip_22824,0.0
zip_22853,0.0
merchant_fraud_Lubowitz-Walter,0.0
"job_Conservator, museum/gallery",0.0
zip_23666,0.0
job_Company secretary,0.0
job_Community pharmacist,0.0
job_Community development worker,0.0
job_Communications engineer,0.0
zip_23860,0.0
"merchant_fraud_Lubowitz, Terry and Stracke",0.0
zip_24236,0.0
job_Writer,0.0
zip_24266,0.0
zip_24340,0.0
zip_21524,0.0
zip_21619,0.0
zip_21658,0.0
zip_21790,0.0
zip_2180,0.0
zip_21865,0.0
zip_21913,0.0
job_Water quality scientist,0.0
"merchant_fraud_Lang, Towne and Schuppe",0.0
merchant_fraud_Labadie LLC,0.0
job_Data scientist,0.0
job_Corporate investment banker,0.0
job_Copy,0.0
job_Control and instrumentation engineer,0.0
zip_22151,0.0
job_Training and development officer,0.0
"merchant_fraud_Kutch, Steuber and Gerhold",0.0
zip_22311,0.0
zip_19154,0.0
"merchant_fraud_Kunze, Larkin and Mayert",0.0
zip_19310,0.0
job_Economist,0.0
"job_Doctor, hospital",0.0
"job_Doctor, general practice",0.0
job_Diagnostic radiographer,0.0
zip_19456,0.0
"job_Designer, textile",0.0
"job_Designer, multimedia",0.0
zip_20017,0.0
zip_20036,0.0
merchant_fraud_Kuhic Inc,0.0
zip_20687,0.0
merchant_fraud_Kris-Padberg,0.0
zip_20776,0.0
"merchant_fraud_Kovacek, Dibbert and Ondricka",0.0
"job_Engineer, agricultural",0.0
zip_20882,0.0
job_Emergency planning/management officer,0.0
city_Moriches,0.0
job_Electronics engineer,0.0
city_Moriarty,0.0
"job_Education officer, community",0.0
job_Education administrator,0.0
"job_Editor, magazine features",0.0
zip_21087,0.0
"merchant_fraud_Kohler, Lindgren and Koelpin",0.0
zip_21102,0.0
zip_21208,0.0
city_Cranks,0.0
city_Creola,0.0
city_Cromona,0.0
merchant_fraud_Kirlin and Sons,0.0
"merchant_fraud_Kilback, Nitzsche and Leffler",0.0
"job_Engineer, structural",0.0
"job_Engineer, mining",0.0
"job_Engineer, materials",0.0
"job_Engineer, manufacturing",0.0
city_Cross,0.0
"job_Engineer, drilling",0.0
city_Cross Plains,0.0
city_Curlew,0.0
city_Cuthbert,0.0
city_Mooresville,0.0
city_Dadeville,0.0
merchant_fraud_Kessler Group,0.0
city_Dalton,0.0
job_Event organiser,0.0
job_Estate manager/land agent,0.0
job_Equities trader,0.0
city_Damascus,0.0
job_Environmental manager,0.0
job_Environmental health practitioner,0.0
zip_17088,0.0
job_English as a foreign language teacher,0.0
zip_17327,0.0
zip_17850,0.0
zip_18246,0.0
city_Montrose,0.0
zip_18357,0.0
merchant_fraud_Johnston-Casper,0.0
zip_18433,0.0
zip_1844,0.0
zip_18917,0.0
merchant_fraud_Jerde-Hermann,0.0
job_Furniture conservator/restorer,0.0
job_Fitness centre manager,0.0
job_Field trials officer,0.0
job_Field seismologist,0.0
zip_19017,0.0
zip_16034,0.0
merchant_fraud_Jast Ltd,0.0
zip_16037,0.0
zip_1612,0.0
zip_16239,0.0
merchant_fraud_Jacobi and Sons,0.0
zip_16362,0.0
zip_16839,0.0
"merchant_fraud_Hyatt, Russel and Gleichner",0.0
zip_16878,0.0
job_Health and safety adviser,0.0
city_Montgomery,0.0
job_Geophysicist/field seismologist,0.0
"job_Geologist, wellsite",0.0
zip_17051,0.0
job_Geochemist,0.0
"job_Geneticist, molecular",0.0
job_General practice doctor,0.0
job_Garment/textile technologist,0.0
zip_1535,0.0
zip_15458,0.0
zip_15480,0.0
"merchant_fraud_Hoppe, Harris and Bednar",0.0
zip_15486,0.0
zip_15557,0.0
merchant_fraud_Hirthe-Beier,0.0
zip_15665,0.0
job_IT consultant,0.0
zip_15727,0.0
zip_15834,0.0
job_Hotel manager,0.0
job_Hospital pharmacist,0.0
city_Daniels,0.0
city_Dayton,0.0
job_Heritage manager,0.0
city_De Lancey,0.0
city_De Queen,0.0
city_Montandon,0.0
city_Deadwood,0.0
city_Deane,0.0
zip_14445,0.0
zip_14479,0.0
job_Interpreter,0.0
city_Monitor,0.0
city_Monetta,0.0
zip_14522,0.0
job_Insurance claims handler,0.0
zip_14586,0.0
job_Industrial/product designer,0.0
job_Immigration officer,0.0
job_Illustrator,0.0
zip_14707,0.0
city_Sardis,0.0
merchant_fraud_Harris Inc,0.0
zip_14711,0.0
merchant_fraud_Halvorson Group,0.0
"merchant_fraud_Haley, Jewess and Bechtelar",0.0
merchant_fraud_Haley Group,0.0
zip_14816,0.0
"merchant_fraud_Hagenes, Hermann and Stroman",0.0
zip_15217,0.0
merchant_fraud_Gutmann Ltd,0.0
zip_13361,0.0
city_Mobile,0.0
zip_13367,0.0
zip_13469,0.0
job_Learning mentor,0.0
job_Lawyer,0.0
zip_13752,0.0
"merchant_fraud_Graham, Hegmann and Hammes",0.0
merchant_fraud_Graham and Sons,0.0
zip_13755,0.0
zip_13811,0.0
zip_14120,0.0
merchant_fraud_Gottlieb Group,0.0
merchant_fraud_Goldner-Lemke,0.0
city_Dexter,0.0
job_Media planner,0.0
job_Marketing executive,0.0
city_Dieterich,0.0
job_Manufacturing systems engineer,0.0
city_Dongola,0.0
city_Downsville,0.0
job_Magazine journalist,0.0
"job_Loss adjuster, chartered",0.0
job_Logistics and distribution manager,0.0
job_Location manager,0.0
city_Du Pont,0.0
city_Dublin,0.0
city_Dubre,0.0
job_Mudlogger,0.0
job_Minerals surveyor,0.0
job_Metallurgist,0.0
"job_Merchandiser, retail",0.0
city_Dumont,0.0
city_Duncan,0.0
job_Medical secretary,0.0
job_Medical physicist,0.0
city_Early,0.0
merchant_fraud_Gerhold LLC,0.0
zip_12093,0.0
zip_12222,0.0
zip_12410,0.0
zip_12455,0.0
zip_12992,0.0
merchant_fraud_Frami Group,0.0
merchant_fraud_Flatley-Durgan,0.0
merchant_fraud_Fisher-Schowalter,0.0
zip_1330,0.0
job_Oncologist,0.0
job_Oceanographer,0.0
job_Occupational therapist,0.0
job_Nutritional therapist,0.0
"job_Nurse, mental health",0.0
zip_13304,0.0
zip_13316,0.0
city_East Andover,0.0
city_East Rochester,0.0
city_East Troy,0.0
city_Easton,0.0
city_Edinburg,0.0
merchant_fraud_Erdman-Ebert,0.0
merchant_fraud_Erdman-Durgan,0.0
merchant_fraud_Emmerich-Luettgen,0.0
job_Pharmacologist,0.0
city_Ehrhardt,0.0
city_El Paso,0.0
job_Pension scheme manager,0.0
job_Pathologist,0.0
city_Eldridge,0.0
city_Munith,0.0
job_Orthoptist,0.0
city_Mountain Park,0.0
zip_10604,0.0
"merchant_fraud_Eichmann, Hayes and Treutel",0.0
zip_10962,0.0
merchant_fraud_Effertz LLC,0.0
merchant_fraud_Durgan-Auer,0.0
"merchant_fraud_Durgan, Gislason and Spencer",0.0
city_Mount Morris,0.0
merchant_fraud_Douglas-White,0.0
zip_11413,0.0
zip_11419,0.0
zip_11710,0.0
"job_Presenter, broadcasting",0.0
job_Politician's assistant,0.0
zip_11769,0.0
job_Plant breeder/geneticist,0.0
zip_11955,0.0
job_Physiological scientist,0.0
city_Mount Clemens,0.0
zip_11957,0.0
job_Professor Emeritus,0.0
zip_11964,0.0
"job_Production assistant, television",0.0
"job_Production assistant, radio",0.0
zip_11978,0.0
job_Product manager,0.0
zip_12092,0.0
zip_10280,0.0
zip_10504,0.0
merchant_fraud_Donnelly LLC,0.0
zip_10548,0.0
city_Elkhart,0.0
city_Emmons,0.0
city_Emporium,0.0
city_Esbon,0.0
city_Moulton,0.0
city_Espanola,0.0
city_Fairhope,0.0
city_Fairview,0.0
job_Quarry manager,0.0
job_Purchasing manager,0.0
job_Public librarian,0.0
city_Moscow,0.0
city_Falls Church,0.0
"job_Psychologist, sport and exercise",0.0
city_Falls City,0.0
"merchant_fraud_Dare, Fritsch and Zboncak",0.0
state_RI,0.0
city_Fayetteville,0.0
city_Ferney,0.0
city_Fiddletown,0.0
city_Fullerton,0.0
city_Gainesville,0.0
job_Retail buyer,0.0
job_Retail banker,0.0
"job_Restaurant manager, fast food",0.0
city_Gaithersburg,0.0
job_Research scientist (life sciences),0.0
job_Regulatory affairs officer,0.0
job_Records manager,0.0
city_Galatia,0.0
city_Garfield,0.0
city_Gibsonville,0.0
city_Girard,0.0
city_Glade Spring,0.0
merchant_fraud_Cormier LLC,0.0
merchant_fraud_Conroy-Emard,0.0
city_Glen Rock,0.0
merchant_fraud_Conroy Ltd,0.0
city_Grand Bay,0.0
merchant_fraud_Collier Inc,0.0
job_Seismic interpreter,0.0
city_Grand Ridge,0.0
"job_Scientist, research (physical sciences)",0.0
job_Scientific laboratory technician,0.0
job_Sales executive,0.0
city_Grant,0.0
city_Greenview,0.0
city_Greenville,0.0
city_Greenwich,0.0
merchant_fraud_Champlin and Sons,0.0
merchant_fraud_Cassin-Harvey,0.0
merchant_fraud_Cartwright-Harris,0.0
city_Greenwood,0.0
merchant_fraud_Carroll PLC,0.0
city_Gregory,0.0
city_Grenada,0.0
city_Grimesland,0.0
city_Winter,0.0
job_Stage manager,0.0
job_Sports development officer,0.0
job_Sports administrator,0.0
city_Winthrop,0.0
"job_Solicitor, Scotland",0.0
city_Wittenberg,0.0
city_Woods Cross,0.0
city_Yellowstone National Park,0.0
merchant_fraud_Bradtke PLC,0.0
city_Zaleski,0.0
city_Guthrie,0.0
city_Haines City,0.0
city_Hampton,0.0
city_Harmony,0.0
city_Wever,0.0
city_White Sulphur Springs,0.0
city_Wichita,0.0
"job_Teacher, adult education",0.0
"job_Teacher, English as a foreign language",0.0
job_Tax inspector,0.0
"job_Surveyor, mining",0.0
city_Williamsburg,0.0
city_Wilmette,0.0
merchant_fraud_Bins-Tillman,0.0
city_Melbourne,0.0
city_Winslow,0.0
job_Transport planner,0.0
city_West Columbia,0.0
city_West Decatur,0.0
city_West Hartford,0.0
city_West Long Branch,0.0
city_Moab,0.0
city_Minnesota Lake,0.0
city_Minneapolis,0.0
city_West Monroe,0.0
city_Milner,0.0
city_Mill Creek,0.0
city_Milford,0.0
city_Mifflin,0.0
city_West Palm Beach,0.0
city_Methuen,0.0
job_Tourism officer,0.0
city_Westhampton Beach,0.0
merchant_fraud_Bernier and Sons,0.0
"merchant_fraud_Bernhard, Grant and Langworth",0.0
city_Washington Court House,0.0
city_Washoe Valley,0.0
"job_Therapist, drama",0.0
city_Waynesfield,0.0
job_Theatre manager,0.0
job_Textile designer,0.0
city_Weeping Water,0.0
job_Telecommunications researcher,0.0
city_Wendel,0.0
city_West Bethel,0.0
city_West Chazy,0.0
city_Hawley,0.0
job_Aeronautical engineer,0.0
